Barcode,UMAP-1,UMAP-2
AAACAAGTATCTCCCA-1,8.196552,9.200318
AAACCGGGTAGGTACC-1,-0.5798915,-4.3213634
AAACCGTTCGTCCAGG-1,-8.257037,-2.7466123
AAACGAGACGGTTGAT-1,-10.930502,-1.3733397
AAACTGCTGGCTCCAA-1,6.712958,-0.7814937
AAACTTGCAAACGTAT-1,8.64872,9.233039
AAAGGCTCTCGCGCCG-1,3.0236497,-2.3304608
AAAGTAGCATTGCTCA-1,8.905501,5.1604133
AAAGTGTGATTTATCT-1,5.9818497,2.7472198
AAAGTTGACTCCCGTA-1,7.284679,1.535304
AAATACCTATAAGCAT-1,4.74098,-1.6597046
AAATAGGGTGCTATTG-1,-7.7481456,-3.7379806
AAATCGTGTACCACAA-1,6.9957585,-0.21705243
AAATGGTCAATGTGCC-1,2.9034185,-2.2126658
AAATTAACGGGTAGCT-1,6.387356,7.334329
AAATTGATAGTCCTTT-1,9.203722,6.801753
AAATTTGCGGGTGTGG-1,2.938832,-4.7631326
AACACACGCTCGCCGC-1,7.4166126,0.9836334
AACACGAGACGCGGCC-1,6.977678,3.2232497
AACCAAGACTTCTCTG-1,5.827599,3.4648864
AACCCTACTGTCAATA-1,6.3687525,2.9062867
AACCGCTAAGGGATGC-1,6.868681,-0.14796591
AACCTTTAAATACGGT-1,8.299096,6.657243
AACGATAATGCCGTAG-1,3.3628454,-3.3781035
AACGCTGTTGCTGAAA-1,8.250019,3.1658404
AACGGACGTACGTATA-1,6.16466,2.919667
AACGGCCATCTCCGGT-1,-5.0518737,-3.818561
AACGTACTGTGGGTAC-1,-8.845227,-2.4345524
AACGTGCGAAAGTCTC-1,-11.184801,2.9077325
AACTAGGCTTGGGTGT-1,8.233405,6.691725
AACTCAAGTTAATTGC-1,-11.076381,0.5655006
AACTCTCAATAGAGCG-1,6.9610844,-0.048312496
AACTCTCAGTGTGCTC-1,-5.9563303,-3.656444
AAGACCCAACTGAACA-1,8.906568,5.107979
AAGACTGCAAGCTACT-1,-8.875204,-3.3387616
AAGAGCTCTTTATCGG-1,-11.143867,0.9605521
AAGAGGATGTACGCGA-1,-3.5119781,-4.2055993
AAGAGGCATGGATCGC-1,-11.525475,0.11679255
AAGATGGCACCGGACC-1,7.0618525,-0.25119162
AAGCACCCTGCGTATC-1,7.369929,5.4816546
AAGCATACTCTCCTGA-1,8.780312,5.0172462
AAGCGTCCCTCATCGA-1,6.334103,0.6664255
AAGCTAGATCGAGTAA-1,7.390505,1.0080048
AAGCTCGTGCCAAGTC-1,-11.000605,0.9387895
AAGCTCTTTCATGGTG-1,3.5492985,-4.8534074
AAGGCTGTGCTCATCG-1,3.3085907,-3.4846437
AAGGTGATAAACCAGC-1,5.761623,-1.0233258
AAGTAGTGACGCGAGG-1,6.901995,-0.45589188
AAGTCAATTGTCGTCA-1,8.397834,8.511248
AAGTGACGACCGAATT-1,2.5116546,-5.354227
AAGTGCGTTAGAATCT-1,6.0772986,0.95060754
AAGTGTTTGGAGACGG-1,-9.506131,-2.4508724
AAGTTCACTCCAAGCT-1,2.8932903,-5.7284207
AAGTTCGGCCAACAGG-1,1.5437006,-3.8819575
AATAACAACGCTCGGC-1,1.3132209,-3.8209224
AATAACACTAGAACAA-1,3.6749027,-5.503468
AATAGAACAGAGTGGC-1,-11.5097685,0.6839666
AATAGAATCTGTTTCA-1,-1.3190055,-3.8214355
AATAGTCCGTCCCGAC-1,6.9021945,5.5689793
AATATTGGAGTATTGA-1,8.720661,8.817041
AATCATGTAAAGACTC-1,8.596516,8.990905
AATCGCCTCAGCGCCA-1,-11.239705,2.7169282
AATCTGCGTTGGGACG-1,7.13385,3.0809753
AATGACAGCAATGTCT-1,4.2607923,-1.9436469
AATGACGTAGGATGTC-1,-10.972224,3.6489432
AATGTGCCCGAGGTGT-1,7.0508924,7.9917235
AATTAAAGGTCGGCGT-1,1.7567493,-4.58786
AATTAACGGATTTCCA-1,7.684437,6.1102266
AATTAGCGCTGCAGCG-1,6.5169697,7.8012156
AATTCTAGAGTTAGGC-1,7.1108594,6.9814734
AATTGAACGCTCTGGT-1,-7.727046,-3.2839124
ACAAATCGCACCGAAT-1,-10.790815,-0.22831993
ACAAATGGTAGTGTTT-1,-6.7867146,-3.4444833
ACAACAGCATGAGCTA-1,-8.710841,-3.4448147
ACAAGGAAATCCGCCC-1,-8.412297,-3.6456141
ACAAGGGCAGGCTCTG-1,-11.352744,0.12991549
ACAATAGTCGTACGTT-1,9.379505,6.756554
ACAATCCATTTAAACC-1,-3.4487703,-4.3730426
ACAATGAATACGGAGA-1,7.897329,7.5151873
ACAATTGTGTCTCTTT-1,9.589123,5.503021
ACACACCAGGACCAGT-1,2.4341884,-3.4280262
ACACGAGACTCCTTCT-1,-0.6248487,-4.4059677
ACACTGATCAAGGTGT-1,-10.4816885,0.28570873
ACAGAACTGAGAACAA-1,7.248619,7.8185344
ACAGGCTTGCCCGACT-1,-1.7901565,-4.96534
ACAGGTGGAGGTGAGG-1,2.1679366,-5.0846786
ACATCCCGGCCATACG-1,6.658266,0.17404804
ACATCCTGGTAACTGT-1,6.2863703,7.7307334
ACATCGATCGTTTACC-1,7.6108494,5.1144004
ACATCGGTCAGCCGCG-1,-11.281739,-0.55750483
ACATCGTATGCAATGG-1,-9.774185,-2.0354033
ACATTAGTTTATATCC-1,8.345235,5.8127522
ACCAACGCTTATTTAT-1,-9.269385,-1.9666216
ACCAATATGCAAGTTA-1,3.2106838,-2.3391235
ACCACAAGTTTCTATC-1,8.118744,9.556079
ACCACGTGCAGCTATA-1,-10.175357,-1.9235418
ACCAGTGCGGGAGACG-1,8.928693,4.495672
ACCATATCCGCAATAA-1,8.098786,2.4571373
ACCATCGTATATGGTA-1,-10.823008,3.682499
ACCCAACGCCCGTGGC-1,6.104908,7.2995496
ACCCATCTTGAGGGTA-1,-11.328235,-0.01717546
ACCCGGAAACTCCCAG-1,7.0454087,6.4206862
ACCCGGATGACGCATC-1,7.7314024,7.7470293
ACCCGGTTACACTTCC-1,-6.073431,-3.7293644
ACCCGTGTCATCAGTA-1,6.376101,0.2100346
ACCCTATGCCATATCG-1,-0.0051047313,-3.8656566
ACCCTCCCTTGCTATT-1,-7.746892,-2.5131905
ACCGATGGTAGCATCG-1,-0.38006786,-4.368435
ACCGCAATAACTGCCT-1,-10.963787,-1.6042035
ACCGGGCCTTTGTTGA-1,9.421324,4.8982854
ACCTAAGTACCTTTCA-1,6.751767,0.42049947
ACCTAATCGACTTCCT-1,6.0339355,7.3007298
ACGATGCATATGTTAT-1,-11.292633,2.287389
ACGCATTCGTGAGTAC-1,6.1187587,4.2547755
ACGCCGCTAGACGACC-1,-1.2536016,-4.7532873
ACGCGAAGTCAGACGA-1,6.6787033,3.129288
ACGCGCTACACAGGGT-1,-7.6623178,-3.1921906
ACGCGGGCCAAGGACA-1,6.1228266,-1.1178199
ACGGATGGTGCGGATA-1,5.5586967,-0.8663405
ACGGCACTTGCTTGGG-1,8.817023,6.6969576
ACGGCCAACATGGACT-1,3.4537668,-4.965659
ACGGCGACGATGGGAA-1,-10.792072,-0.15969124
ACGGGAGTGTCGGCCC-1,5.7634177,2.7905715
ACGTAGATTGCTGATG-1,-2.9983165,-4.5157504
ACGTATTACTCCGATC-1,7.1932044,2.844914
ACGTTAATGTCGAAGA-1,-2.192438,-3.7500427
ACGTTAGATTTGCCCG-1,-10.915293,3.3668342
ACGTTCGTTCAGGAAA-1,5.356081,0.69472235
ACTACGCGTTAGAATT-1,7.762549,6.539143
ACTATTTCCGGGCCCA-1,4.476865,-1.6532658
ACTCCCTAATGCTAAA-1,7.462146,6.253248
ACTCCCTAGAATAGTA-1,3.0607188,-3.0774784
ACTCGTAACCCGTCCT-1,8.445686,5.3266354
ACTCGTCAGTAATCCC-1,-11.083729,1.5361949
ACTCTCTGACTTAGGT-1,-10.764121,3.7635036
ACTCTTGTATAGTAAC-1,-10.623125,-1.5487158
ACTGAATGGCGAAAGT-1,-8.8075485,-3.0541432
ACTGTACGATACACAT-1,6.559811,-0.2225745
ACTGTCCAGGATTATA-1,6.191331,1.0737319
ACTGTCTTCTTTAGAA-1,6.684106,8.209357
ACTTACGCATCCACGC-1,8.272744,3.8839593
ACTTATACTTACCCGG-1,2.449761,-5.5115037
ACTTATTAGGATCGGT-1,5.833801,6.947776
ACTTATTTATGTGCCA-1,5.6885676,3.060652
ACTTCAGGCTGATCCC-1,-10.663734,0.13039884
ACTTGACTCCCTCTTT-1,-4.2821903,-4.1677833
ACTTGGGACCCGGTGG-1,7.976381,9.690112
AGAAGAGCGCCGTTCC-1,8.832345,9.1240225
AGAAGGTTGCCGAATT-1,-11.262154,2.1588504
AGAAGTGATTCGTGAT-1,5.623634,-0.25104463
AGACCCACCGCTGATC-1,8.453401,7.1565485
AGACGAAGTGCCGGTC-1,9.577881,4.9058843
AGACGACGATGCCGCT-1,5.876075,3.4115522
AGAGAAGGAGTACAAT-1,9.192177,7.101954
AGAGGCTTCGGAAACC-1,8.557192,8.935176
AGATAACTTCAGGGCC-1,-7.296234,-3.7414196
AGATACCGGTGTTCAC-1,-11.430538,1.10642
AGATACTCAAGATCGA-1,-10.376363,-1.2508721
AGATCTCAGGTGTGAT-1,8.466064,8.8742485
AGATTATAGGACGTTT-1,6.817283,-0.66765165
AGCAAAGGCCGCTAGT-1,7.4578032,5.507335
AGCAACATATCTTATT-1,6.5165663,-0.88315684
AGCACTACCTCACCAG-1,-9.085955,-3.031807
AGCACTTAAGGACGCC-1,5.1599674,-1.3737694
AGCAGCCAGATGAATA-1,8.624529,5.0394545
AGCATATCAATATGCT-1,8.495611,4.01294
AGCCCATACATGTAAG-1,3.1304507,-4.6224275
AGCCCGGTAGCCTGTA-1,8.383154,3.9693663
AGCCGTGGCTAAATGT-1,7.7195654,7.5316987
AGCGACAGGAACGGTC-1,3.4078128,-6.02422
AGCGCATAATGAATCG-1,6.428828,0.82163304
AGCGTGGTATTCTACT-1,0.26737082,-3.9741952
AGCTCCTTCGCACATC-1,-7.5956807,-2.6749384
AGCTCTAGACGTTCCA-1,-10.633289,3.89646
AGCTCTTTACTCAGTT-1,-10.982129,-0.9683623
AGCTGTAACCTCAATC-1,9.232157,6.579403
AGCTTGATCTTAACTT-1,5.4540653,-0.96194565
AGGACAGTCGAATCCC-1,-2.8725908,-4.681769
AGGACGACCCATTAGA-1,-11.011501,-0.8251142
AGGAGGCCTTCGCGCG-1,9.462846,5.6067443
AGGATAAAGTCGGGAT-1,8.084775,6.8706923
AGGATATAGGGATTTA-1,7.3188643,5.081136
AGGCAGGGAGCGTACT-1,3.57212,-4.4759097
AGGCATTGTCGTAGGG-1,9.484773,5.1582885
AGGCCCTAGAACGCCA-1,4.2432733,-1.2558696
AGGCTTCCCGAAGAAG-1,-7.9368157,-2.5942686
AGGGACTCTACGCGAC-1,2.4326143,-5.2815
AGGGCGAGCAGCTGAT-1,7.7497616,7.630925
AGGGCTGCAGTTACAG-1,2.6015937,-4.934051
AGGGTCGATGCGAACT-1,5.741947,2.4487364
AGGGTGCTCTCGAGGG-1,6.94797,-0.109576955
AGGGTTCCCTTTGGTT-1,8.339186,9.358192
AGGGTTTAGTTCGGGA-1,3.158326,-2.652627
AGGTAGGTACAAAGCT-1,2.2801902,-4.909151
AGGTCAGGTGAGAGTG-1,7.83215,8.328755
AGGTTTCACACACCTT-1,2.462763,-3.546407
AGTACTCTTATGCCCA-1,2.3001487,-5.465454
AGTATTTGGCACGACC-1,3.3106592,-2.0745327
AGTCAACACCACCATC-1,-9.218879,-3.4741871
AGTCAAGATGACACTT-1,5.0702415,-0.41956383
AGTCCATTGGCTGATG-1,9.272688,5.5296917
AGTCGACGGTCTCAAG-1,-0.16594338,-4.0426097
AGTCGGCTCAACTTTA-1,6.734544,3.0461297
AGTCGTCGACCACCAA-1,8.707334,9.053697
AGTCGTGGGCATTACG-1,6.0913496,4.4227977
AGTCTCACAAGACTAC-1,9.208725,6.302142
AGTGAACAAACTTCTC-1,8.503614,8.664422
AGTGACCTACTTTACG-1,2.4628184,-4.7408795
AGTGAGACTTCCAGTA-1,-1.9328774,-4.9287887
AGTGATATGAGTAGTT-1,-8.052356,-3.3071854
AGTGATTCAAGCAGGA-1,2.687406,-5.679337
AGTGCACGCTTAAGAA-1,9.008776,4.0807276
AGTGCGTAGCTCGTAA-1,-10.626476,-1.0312772
AGTGCTTGCACGAATA-1,3.5528421,-5.24187
AGTTAAACACTTGCGA-1,-11.461345,0.55187374
AGTTAAGTCAACCGCT-1,8.965614,6.5476766
AGTTCCTACAGAATTA-1,7.757133,7.1018095
AGTTCCTATTTATGTT-1,7.044705,-0.1906826
AGTTTGCACCTGCCTC-1,7.2586207,5.707382
AGTTTGGCACGGGTTG-1,8.480257,8.476258
AGTTTGGCCAGACCTA-1,2.8667698,-3.7825696
ATAAACGGACCCGTAA-1,8.759933,3.9041188
ATAAAGGCTCGGTCGT-1,0.6877758,-4.065059
ATAAATATTAGCAGCT-1,2.0023017,-5.1282454
ATAACGCCGGAGGGTC-1,-10.867363,-1.7096492
ATAAGGTGGAGAACAT-1,3.4154427,-5.220496
ATAAGTTACCGCGACG-1,-1.8309913,-3.996552
ATAATAGCTGTTGAAT-1,6.440522,7.1606245
ATACAGGCCCTCCAAT-1,7.030369,3.2849467
ATACCACGGGCAACTT-1,1.760931,-3.423652
ATACCTAACCAAGAAA-1,7.1568847,6.5651727
ATACGCCGGCGAAACC-1,-10.770063,3.7494025
ATACGTACTTAGCCAC-1,3.3685467,-3.8827345
ATACGTCCACTCCTGT-1,6.8193874,3.351667
ATACTGCCTTACACCG-1,8.8111105,4.153443
ATAGACGAAGAGAAAG-1,-8.629947,-3.5821922
ATAGGCGGCTATAGAA-1,-7.26102,-3.1669126
ATAGTGAAGCGTTCTC-1,7.718281,1.875455
ATATAAAGCGCTCGTG-1,7.2589793,6.5107956
ATATAAATGTAGCTGC-1,3.3623507,-3.3230345
ATATCTTAGGGCCTTC-1,6.0803833,1.0377884
ATATGTCTCCCTAGCC-1,8.207141,5.197425
ATATTCAGTTAAACCT-1,-9.781441,-2.0206647
ATATTCCACATAGTGA-1,-9.445925,-2.5938053
ATATTTAACCCTCAAG-1,6.8183,8.090567
ATCAAACGAAGGTTTG-1,2.9300864,-2.6775684
ATCAATCTGGGCTGCA-1,3.637903,-6.307472
ATCACGTGCTAATTAA-1,-0.62157375,-4.127815
ATCAGACGGCACGCCG-1,-11.662404,0.8338636
ATCAGCCTCATGCTGC-1,3.692809,-1.7050226
ATCATCCAATATTTGT-1,8.736642,6.931843
ATCCAATGGAGGGTCC-1,1.8234532,-3.5591514
ATCCAGAGCAACAACC-1,-6.508355,-3.7191634
ATCCAGGATTCGTGAA-1,-9.722701,-3.0442073
ATCCTACCTAAGCTCT-1,-8.789117,-2.9677472
ATCCTGAATCGCTGCG-1,2.8686113,-3.9694347
ATCCTGCGTGGAATGG-1,-9.817473,-1.6556491
ATCGACCCAATACAGA-1,7.90995,2.9705653
ATCGGAGACAGACGGC-1,-3.9341426,-4.1200914
ATCTAATATCCTACGG-1,8.086923,6.3996243
ATGACGCGTTCTATCC-1,6.5418844,3.6968415
ATGACTATGCGACATT-1,3.4135218,-6.241321
ATGATGCAATGGTACA-1,-3.2823372,-4.0122313
ATGCCATTTGCGACCA-1,4.344257,-1.583735
ATGCCGGTCTTGCATA-1,2.0980356,-4.0784545
ATGCGACAGTCCCATT-1,-11.042692,0.6045009
ATGCGAGTCCCACCAC-1,8.289492,9.418524
ATGCTCTGGCGCGGTA-1,7.2619014,5.9140577
ATGGAGCAGGCCGTGA-1,-1.7452554,-4.32749
ATGGGCCTCGGCCTCT-1,3.2046688,-2.2138739
ATGGTCGCGTGGTTTC-1,-2.366334,-4.089887
ATGTGAAAGCCTAATG-1,6.975227,3.1650302
ATGTGGACATCTTGAT-1,2.4767723,-4.627802
ATTAAACATGCGGACC-1,6.9570017,1.2928412
ATTACGCGCTGGCAGG-1,-7.0789356,-3.578266
ATTAGGCGATGCTTTC-1,-10.663616,-0.7265455
ATTATTATGTCCGTCA-1,6.1132665,7.2823734
ATTCACTGATGTTGGA-1,8.229981,6.760491
ATTCATATACTGTCCA-1,9.064773,5.2468915
ATTCGACGCCGGGCCT-1,3.876871,-1.7322196
ATTGAAGATCTTAGTG-1,4.6547613,-0.7132942
ATTGCGATCAGTAACT-1,8.984331,7.1493535
ATTGCTGCTCCTCCAT-1,-10.7567215,0.45359153
ATTTACAGTTTACTGG-1,3.7826552,-2.7615845
ATTTCCGGGTTCTGCG-1,5.8755794,1.1721293
ATTTGCGCGAGTAGCT-1,6.626477,3.563235
ATTTGTCTTGGGAGCT-1,-8.658698,-2.401798
CAAACGAGTATCGCAG-1,-11.732993,0.9367858
CAAACGGTCGCACTTT-1,3.8072345,-2.7849467
CAAAGATTATTGGGCC-1,9.454066,6.5178733
CAAATCTCTCACAAGG-1,4.321171,-1.4082963
CAAATGTCCTTCCGTG-1,1.8521143,-4.668333
CAACTGCTCATCCGAT-1,6.7153482,3.6430745
CAAGAGGGCGGAGTAC-1,-9.65204,-3.3125494
CAAGATATTATAACGT-1,3.5446568,-4.620194
CAAGCAACGTCGGAGT-1,-1.3377327,-4.4815063
CAAGCGGCACATAATT-1,6.924804,-0.7226914
CAAGGATCGCATGTTC-1,1.7389966,-4.5919943
CAAGTGTGGTTGCAAA-1,5.3951077,-0.53059053
CAATATTCTTGACCTA-1,-1.0755576,-4.683089
CAATGCGAGAAGTATC-1,-7.947268,-2.9693644
CAATTTCGTATAAGGG-1,4.816205,-1.5064503
CACAATGAGCTGCTAT-1,-1.3148261,-3.7724802
CACACGCGCTGTCTTA-1,3.2054322,-4.0114536
CACATATTAGCAGGAT-1,-3.1733983,-4.4501867
CACATCGTGCACGCGC-1,7.7682934,7.7468104
CACATCTCACCGACGA-1,6.2044516,1.941142
CACATGATTCAGCAAC-1,5.2565494,-1.3550193
CACCCGGTTTGTGACT-1,3.651393,-5.360733
CACCCTAACAAGATCT-1,3.101039,-4.1654263
CACCGTTAGGGATCAC-1,3.578108,-4.6307445
CACCGTTGCGCGATAT-1,5.5927916,0.3444859
CACCTTGGCGCCTTTG-1,8.275485,9.470581
CACGAAAGTTAGTCCC-1,6.811995,2.7757022
CACGCAGCGAGGCTTT-1,-0.73148817,-3.946064
CACGCGGAACTGTTGC-1,9.244969,4.511436
CACGTCGGCAACCTCT-1,3.1388354,-4.8117437
CACGTTCGTGCTCTAG-1,-11.499501,1.1502457
CACGTTTCGTACACAC-1,6.606313,0.9613862
CACTAAAGTTGCCTAT-1,1.8989401,-4.73433
CACTCAAGAGCTATGG-1,8.950267,3.7135153
CACTCCTATGTAAGAT-1,4.466265,-1.6574494
CACTCGAGCTGAACAA-1,-7.1798606,-3.6043575
CACTTAATCAGACGGA-1,-2.5487468,-4.464591
CAGAACTTAGCCCTCT-1,-8.0459385,-2.504902
CAGACACCGATCGCTG-1,-7.788338,-2.8940895
CAGACGAACCTGATAC-1,-10.194289,-2.9712543
CAGAGACGGTCACCCA-1,5.0469327,0.15849425
CAGAGGCGATGCATGA-1,-9.862229,-1.7175101
CAGCAGTCCAGACTAT-1,7.84063,6.512155
CAGCGATTCCCTTCAA-1,-9.365268,-1.8311944
CAGCTCACTGAGACAT-1,6.162484,7.6289954
CAGCTGGCGTAACCGT-1,9.502806,4.8792562
CAGGATATATCGTTGT-1,8.948251,3.7045276
CAGGCCGTTTGGGTGT-1,-10.90464,0.87272716
CAGGCGCACGGTGGTC-1,6.861925,7.2538204
CAGGCGCCATGCTAGG-1,-0.7103686,-4.458859
CAGTCTGTATACTGGG-1,6.012445,-1.2203778
CAGTGTCGGCTGGCCC-1,7.007085,0.06376246
CATAACGGACAGTCGT-1,5.8153276,-1.0636941
CATAAGAAGCTTGGCT-1,7.37892,5.8186793
CATACACGGTTCCCAC-1,7.2541294,6.726035
CATACCCGTACCCAGT-1,-3.4897027,-3.91071
CATACGGCGTCTGGGC-1,7.3375883,1.0539459
CATACTATGTAATTGT-1,-7.7039247,-2.7364922
CATAGCGTTGCCCACC-1,-7.7786837,-2.7567828
CATAGTCCACAAGAAC-1,1.8020109,-3.8136902
CATATAGGTACAGTCA-1,7.0845237,-0.56174946
CATATGTCAGGCTACG-1,6.0976033,3.3325107
CATCATTACCCTGAGG-1,7.399239,1.2009838
CATCCTCTCAAAGATC-1,6.4216385,1.6208359
CATCGGACGGGTTAAT-1,7.9120517,1.972069
CATCTTACACCACCTC-1,7.812246,8.021424
CATGAGATGCACTCTC-1,8.45648,4.806993
CATGATGGAAGTTAGC-1,8.268713,9.449623
CATGCCAACTCGCAAA-1,5.7273216,2.4307733
CATGGGTATGCCTTAT-1,2.8923948,-6.225264
CATGGTAAGTAGCGTT-1,-6.952113,-3.761818
CATGTAAGAGACATTT-1,2.8881288,-3.8417404
CATGTCTCATTTATGG-1,-7.7657943,-2.5264199
CATTTGAGTGGTACGT-1,-10.459247,0.039489444
CCAACGATGCACTGAT-1,3.9986725,-5.8333917
CCAAGAAAGTGGGCGA-1,-4.572228,-4.024588
CCAAGCGTAACTCGTA-1,-10.901933,-1.7971998
CCAATAGTGCCGTCGA-1,-11.049762,-0.6345112
CCAATGTCACAGCAAG-1,-3.8749392,-4.226477
CCACAATGTACGTCTT-1,8.142036,9.512817
CCACACTGAGATATTA-1,-1.333871,-4.7939696
CCACAGTACCCATCCT-1,6.4302516,3.4681575
CCACCAACTTTACTGT-1,-1.0354569,-4.5218625
CCACCCAAGGAAAGTG-1,-10.702563,3.8024256
CCACGGAGCCATAAGA-1,5.785228,3.2091198
CCACTGGTGGCTGGTT-1,8.893078,7.3793025
CCAGAAAGCAACTCAT-1,3.691626,-3.035234
CCAGCCTGGACCAATA-1,2.4362354,-3.746888
CCAGCTGATGGTACTT-1,8.659881,9.210646
CCAGTCTTGTCATAGA-1,8.033057,6.157163
CCATCGCAGTTAAACT-1,6.3381124,7.5855627
CCATCTCACCAGTGAA-1,7.9635096,2.5371547
CCATGCCTGTTTAGTA-1,4.3143325,-1.4566882
CCATTAGCGATAATCC-1,-7.497998,-3.6277018
CCATTCCCTGCCCACA-1,-8.605474,-3.415081
CCATTTCTACCTATTA-1,7.0245805,0.5123395
CCCAAACATGCTGCTC-1,3.3045533,-4.8530345
CCCAACATACGTCGCG-1,-8.025333,-3.3942828
CCCAATGAGATTTGCA-1,6.8012443,7.7905693
CCCAATTTCACAACTT-1,-9.917203,-1.7697749
CCCAGTTAAGGCGCCG-1,-9.534937,-3.0015082
CCCGCAGCGCGAACTA-1,8.706691,4.15858
CCCGTAAGTCTAGGCC-1,-1.7234572,-4.788156
CCCGTAGCTGGGAAGA-1,3.7609568,-5.932367
CCCTGAAATGAGTTGA-1,3.3228421,-5.2907753
CCCTGCCCAATCCGCT-1,8.725174,9.209842
CCCTTTGACAGGTCTT-1,4.4160576,-1.0466973
CCGAACCTTCCCGGCC-1,3.7347791,-2.9111423
CCGACGGGCATGAGGT-1,8.203628,8.600493
CCGATCTCAACCTTAT-1,7.6772466,9.147971
CCGATTCGAGGGACCC-1,8.775802,9.092051
CCGCACAAAGACCAAC-1,-11.442358,2.2029886
CCGCATGTGGTACGAT-1,8.037307,6.155526
CCGCGGAATGCGTCAC-1,-10.982142,0.69527394
CCGCTATCAGCACCAG-1,7.493774,6.2994227
CCGCTTACCTCACTCT-1,3.464131,-5.289135
CCGGAGCGTACTTTCT-1,8.392331,4.7633457
CCGGGCGGTCTCGTCA-1,-4.9546185,-3.999481
CCGGGCTGCTCCATAC-1,-8.218981,-3.7619047
CCGGGTTCGAGGTTAC-1,-8.361312,-3.4319305
CCGGTTTGTAATTGTG-1,-7.680758,-2.7434664
CCGTAAGTTGGTCCCA-1,-9.639612,-2.9443717
CCGTATCTCGTCGTAG-1,9.198125,6.4113836
CCGTGTTAAATTCCAT-1,3.4400065,-5.977114
CCGTTCCGAATCTCGG-1,6.028929,4.399809
CCTAAATTAACGGTTC-1,3.3938909,-4.5732946
CCTAACCCAAACAAGT-1,2.5674577,-2.6084929
CCTACATTCACAGACG-1,5.7078915,-0.5640106
CCTAGGCGTAGCGATC-1,-2.7685711,-4.6467376
CCTATAATGAGTGCCC-1,-0.53014493,-4.499353
CCTATACCGTCCTGTC-1,-9.889735,-2.227078
CCTCCGACAATTCAAG-1,3.2839527,-3.9882627
CCTCGCGCTGTGCGAT-1,8.448431,6.7837486
CCTCGGACCGGGATAG-1,-7.3966947,-3.1107411
CCTCTATCGATTAGCA-1,9.260378,6.299613
CCTCTCTCCCATCTAG-1,-6.539662,-3.5501978
CCTCTGTACTATTCTA-1,8.820819,5.7542195
CCTGAACGATATATTC-1,-9.601512,-2.8475568
CCTGACCACCGATGGT-1,7.827295,6.2071285
CCTGGCTAGACCCGCC-1,7.8598294,8.9442625
CCTGGTCGAATGTGGG-1,7.0962057,6.2542195
CCTGTAAGACATGATA-1,-11.039252,3.353403
CCTGTACTCACGCCCA-1,4.077993,-1.577344
CCTGTCGCCCGTAAAT-1,5.803915,-1.3095145
CCTTCAGTTAAAGTGA-1,6.5459275,6.9777026
CCTTTAAGGGAGCACT-1,3.207476,-6.288563
CGAAACGCAATTCATG-1,-9.092204,-2.265198
CGAACAGTATGGGCGT-1,9.468817,4.6411595
CGAACCCGCATGCGTC-1,-10.9922905,-1.5149779
CGAAGTTGCTCTGTGT-1,3.3029125,-5.1272454
CGACAATTTGATCTAA-1,6.5024233,0.95101154
CGACACGCTCCGACAG-1,6.3674145,3.1916087
CGACAGTTCGCGTTAT-1,-11.510149,1.315645
CGAGACCCTAGAGTGT-1,8.647863,6.126979
CGAGAGATGTGAACCT-1,7.1237383,8.322804
CGAGGCTAAATATGGC-1,7.5229015,9.191474
CGAGGGACTGCGGTCG-1,-11.081502,3.3638198
CGAGTACTAAAGAGGA-1,-1.887269,-4.940488
CGAGTGAAGGTACCAG-1,9.221527,5.8550925
CGAGTTTATCGGACTG-1,3.0028684,-3.5597734
CGATACCTCGCGGACA-1,-3.9435139,-4.27721
CGATCCGACCCAGTGC-1,-2.8117242,-3.797388
CGATCTGTTGGAGGAC-1,5.7954125,2.4822855
CGATTAAATATCTCCT-1,7.999508,6.1712165
CGATTCGCCTGGCTGC-1,7.204025,4.293267
CGCACATGTCCACTAC-1,-6.8564277,-3.3475018
CGCACGTGCGCTATCA-1,8.974633,7.1990333
CGCATGGTGCGATGCT-1,4.3053756,-1.8556778
CGCCCAGCACGCCTAG-1,4.3361897,-2.1711175
CGCCGCCCATGCCTGT-1,-10.343309,-0.677856
CGCCTCCCTCCTCTAT-1,-8.043856,-3.7758083
CGCCTGGCCTACGTAA-1,-0.19650614,-4.2121334
CGCGACCGCGACAGAT-1,8.517475,5.369187
CGCGCATGTTTGATTG-1,1.4843278,-3.93339
CGCGGCTCAACTTGAA-1,7.4376383,1.5201584
CGCTACGGGACATTTA-1,-6.8786445,-3.6030188
CGCTAGAGACCGCTGC-1,7.524759,8.052966
CGCTATTCTTAGGCTC-1,9.065068,5.02057
CGCTCTCCGTAGATTA-1,-3.1226952,-4.037593
CGCTGGTGACTACCCT-1,8.9122715,6.346594
CGCTGTGTGGATGTTG-1,4.091319,-5.6160617
CGCTTATTCCCGGTCG-1,-4.379571,-3.94045
CGCTTTCTTGCATTCG-1,3.4022155,-3.7673082
CGGAAAGAATCAAACG-1,-0.20437194,-4.1876616
CGGAACGTAAACATAG-1,-10.969096,3.6001465
CGGAGCAATTTAATCG-1,8.150145,5.512829
CGGAGCATGGCGATCC-1,2.3617837,-4.942223
CGGAGTTTGAGAGACA-1,7.94979,9.119738
CGGCAAACATCGTGCG-1,8.513981,5.8943477
CGGCAGGGTCGGGTTG-1,6.784416,7.403139
CGGCCACGCACAAAGT-1,6.09123,7.3505983
CGGGAATTTATGTAAA-1,7.1034603,0.3155399
CGGGAGCTTCAGTGTA-1,5.846432,-0.7743341
CGGGCAGCTAAACCGC-1,8.327831,7.4056444
CGGGCCTTCTTTGTAA-1,6.708936,-0.29107013
CGGGTGTACCCATTTA-1,3.970078,-6.054046
CGGTACTAGAATCAAA-1,-8.364225,-3.2711523
CGGTGCAGATAGAACG-1,-9.025082,-2.1753352
CGGTGCGCGTTGGTCC-1,-1.8290038,-4.4494786
CGGTTGACCTGGCATA-1,3.3248613,-4.2804666
CGTATTAAGAGATCTA-1,7.4708657,1.829329
CGTCACGTCCATTGGT-1,-6.390896,-3.6813796
CGTCGGATAGTGTTGA-1,9.312765,6.1387944
CGTCGTCCTTCGCGAA-1,6.4244504,-0.9468854
CGTGAAGTTAATTCAC-1,5.8677473,2.34594
CGTGCAGACTGGGACA-1,-9.888077,-1.4350238
CGTGCATTGTCGACGC-1,-8.048223,-2.9633586
CGTGCCCTCCCGAAGA-1,-11.496927,2.049324
CGTGGCCGAATATCTA-1,9.286643,5.6602182
CGTTCATGGTGCGCGT-1,8.122184,9.191009
CGTTGAATACCGCGCT-1,7.035097,2.913294
CGTTGAGCGACCGTCG-1,-9.93057,-2.9897854
CGTTGTTTCAATTCCC-1,-10.458168,-0.6730778
CGTTTCGCTCATTACA-1,-3.2782931,-4.382915
CGTTTGTGTAGAGGGT-1,-4.032434,-3.7677064
CTAAAGAATGCCTACT-1,-10.513517,-2.266585
CTAAAGGGAAATAGGA-1,9.118885,4.2371416
CTAACCGCGCGCCCGT-1,-10.213795,-2.532406
CTAACTGGTCCGGTTC-1,2.736126,-2.4151118
CTAAGGGAATGATTGG-1,-3.013927,-4.585885
CTACAAGAAATAACCC-1,3.9482908,-5.4171257
CTACCCTAAGGTCATA-1,8.831823,6.3913636
CTACGACTAGCTATAA-1,6.5640817,0.1879136
CTACGCACGGAGTACC-1,7.815253,3.9961529
CTACTATCATAGGTTT-1,6.9134912,8.146344
CTACTCAAGGTATAGT-1,8.106407,8.696855
CTAGATTTACGACGGC-1,-10.116293,-2.9857955
CTAGCATAGTATAATG-1,-1.7023501,-4.8375
CTAGGCGCCCTATCAG-1,5.9578896,-0.99641645
CTAGGTTCGGACGTGA-1,7.5025525,5.601593
CTAGTCACGTCTTAAG-1,-9.437766,-2.840219
CTAGTGAAGGACAGGA-1,-9.198936,-2.8346457
CTAGTTACAACCCGGT-1,8.198822,6.473027
CTATCGACGAAATACA-1,6.769473,1.0592878
CTATCGGGTCTCAACA-1,-10.019953,-2.0629628
CTATGTCACTAGCCCA-1,6.21197,7.3923645
CTATTCATGTGTCCCA-1,7.8294177,6.6656103
CTATTTGGTTACGGAT-1,-10.636773,-0.818667
CTCACTTGGCTGGTAA-1,3.3746223,-6.172445
CTCATGGTAATTTGCG-1,7.367714,3.3044384
CTCATTGCTCTAACAA-1,7.5399446,6.7064385
CTCCCTCCTTTCGATC-1,8.2682705,9.012767
CTCCGCCCACATGAGG-1,-10.619424,-0.7029629
CTCGCCGAATGTAGGG-1,7.845735,6.8077035
CTCGGTACCACTGCTC-1,-11.307921,-0.33413306
CTCTATTTGGCTGCAG-1,6.6638155,3.3312414
CTCTCACAATCGATGA-1,-9.207611,-2.0761309
CTCTGGACGCCTGGTG-1,5.859539,2.9224267
CTCTTCTATTGACTGG-1,9.1924305,6.153811
CTCTTGTCCCGCTTGG-1,5.9028234,3.5726087
CTGAATCCGAGACCTC-1,-1.4692991,-3.9495616
CTGCACAACTACATAT-1,-8.74761,-3.3176723
CTGCACTCCAGTACAG-1,6.7904434,3.6030457
CTGCCATGCATCACAT-1,8.695157,3.3747652
CTGCTGAGGCCACGAA-1,3.181206,-4.150416
CTGCTTGGCGATAGCT-1,3.2174563,-5.5776253
CTGGAAGACACGGTGG-1,3.7788856,-6.1172886
CTGGATTTACACTTGA-1,2.3887203,-4.809101
CTGGCATCCGAATGAG-1,5.9590187,0.70945895
CTGGCGCACAGGTCTG-1,-1.6889855,-4.8416247
CTGGCTGATTCATCCT-1,6.4086056,4.127216
CTGGCTGGTTGTCAGT-1,5.167003,-1.1453842
CTGGGATAAATAATGG-1,-11.049007,-1.3449432
CTGGGCCTGCTATATC-1,1.8104002,-3.649325
CTGGGTAGGCAGTTAA-1,-11.430643,2.0297644
CTGGTAACACATAGAA-1,2.2751164,-4.971753
CTGGTTTCGAGCAAGA-1,4.049571,-5.2403364
CTGTACTTCTTAGCAT-1,2.4469368,-5.3821898
CTGTAGCCATCTCACT-1,-8.281443,-3.0809631
CTGTGCAGGGTAGGTC-1,-0.8627816,-3.7480948
CTGTGGTCGGGAGATA-1,2.7574916,-6.024634
CTGTTACCCAATCTAG-1,5.7207975,1.5429797
CTTACACGGTATTCCA-1,2.7659192,-5.846081
CTTCAACTCCACTTGG-1,7.551451,5.569393
CTTCATTGTCAGTGGA-1,7.7180343,3.2003126
CTTCCGCTCCGTGAAG-1,-3.2456555,-3.9808292
CTTCGTAGATAGGTGA-1,-10.446056,-0.25922713
CTTCTATGTTGAAGTA-1,4.9928126,-0.18060687
CTTCTATTAATGCTAG-1,-10.494854,0.60857755
CTTGAGTTAGGGTAAT-1,2.8971086,-2.4898558
CTTGCAACCGCCTCCT-1,2.3598683,-3.0123096
CTTGCCCAGGCTCTAC-1,6.2200065,-0.60336334
CTTGGCCAAGCTGGGA-1,8.245564,9.094246
CTTGTCAACATTCGAG-1,8.391599,5.6617937
CTTGTTGCTGAGTCAA-1,-11.558437,1.379778
CTTTAATATTGGTCGA-1,3.0736268,-5.8532586
CTTTACCGAATAGTAG-1,-9.970757,-2.6893854
CTTTAGGAACACTGTT-1,-1.3362244,-4.897163
CTTTAGTGCTATTATT-1,5.8061757,1.6272101
CTTTCTGTGCGGGCTT-1,7.9650016,6.7787414
CTTTGGCTTTAGTAAA-1,-6.1725326,-3.783362
GAAACAGATGACCACC-1,4.455038,-1.999266
GAAACCGAATTACCTT-1,-1.632374,-4.684334
GAAACCTATACAAATG-1,7.4083257,3.232668
GAAAGCAGTGCACTTT-1,3.035365,-2.5188613
GAAATGGCGGTGTTAG-1,6.639079,8.037036
GAAATTGTCTCTATAA-1,4.2364206,-1.5482781
GAACAGATTACTAAAT-1,7.800725,5.9383645
GAACCCTCTGTGTTCT-1,6.6914053,7.117709
GAACGTCTCATGGTCG-1,6.3033032,0.502958
GAAGCCTGCACATTCC-1,6.9879837,6.7435308
GAAGCGTGAGGAATTT-1,8.83332,3.907575
GAAGTCAGTTGCACTA-1,5.6606565,2.332188
GAAGTCTCCCTAGCGA-1,3.3271453,-5.0848565
GAAGTGATTTATCGTG-1,-8.232005,-3.1429183
GAAGTTTCCACTCAAT-1,-9.840698,-2.9108593
GAATAGACGCGACCCA-1,4.516775,-1.8909392
GAATAGTGCTCGATTA-1,7.757111,8.246126
GAATCTGAACATTCTC-1,6.239352,0.7343636
GAATGTGGTCCGGATT-1,-10.427102,-1.1848481
GAATTATAGTGAAAGG-1,-9.390499,-2.4879622
GAATTCACCCGGGTGT-1,2.646497,-3.4724538
GACAAACATATGCAGG-1,9.338766,4.818097
GACACAAGGGAAGAAA-1,4.1716614,-2.0457463
GACACTGAGTTCAGTG-1,-11.132987,-0.45236382
GACAGCCAGACCTGAC-1,-2.6250575,-4.8507233
GACAGGCACACACTAT-1,8.605242,4.1615295
GACATCGATTTATAAC-1,-9.559574,-3.1923413
GACCAGAGCCCTGTAG-1,3.5433128,-6.0692306
GACCGTGCTGACGGTG-1,2.1800058,-3.6322527
GACGACGATCCGCGTT-1,6.795842,2.850234
GACGCCGTAAAGGCTA-1,3.4974024,-6.1113787
GACGCTTGCTTCTAAA-1,-11.354821,-0.4080129
GACGGGTTGGCCCGTA-1,8.144517,5.385666
GACTACAAAGCGGTGG-1,7.176414,8.150832
GACTGCAAATCGAGCT-1,7.950612,5.3968544
GACTGCACCAGCCCAG-1,-10.7743225,0.34864157
GAGACTTCGCGACCGA-1,6.6613307,-0.3963124
GAGAGGGCGCGAGGTT-1,-11.135382,2.730869
GAGAGGTGCATTCTGG-1,2.6614394,-4.3971705
GAGATCTGCTTGGCAT-1,-10.619759,-1.726743
GAGATCTGTCACTCCG-1,5.062255,0.16940457
GAGATCTTCCATGACA-1,-11.525765,1.7416599
GAGATGGGAGTCGACA-1,4.96356,-1.3643658
GAGCACCTGTGTCCAG-1,6.371782,1.3874216
GAGCCAGCTACCTGTG-1,2.9941223,-4.6262226
GAGCGCGCACGAGTAG-1,6.443611,3.6448147
GAGCTAAGGGCATATC-1,7.071253,8.427393
GAGGCTATCAAAGTCG-1,4.700928,-1.2311491
GAGTATGCCCGCCTTG-1,-9.739097,-1.6648632
GAGTCAGACCAGAATC-1,-8.834311,-2.9413579
GAGTCCGCTTACCGGA-1,7.105165,1.4722567
GAGTGTGCGGTACCCA-1,3.1025045,-5.105062
GATAACTCGCACTGTG-1,-1.3300959,-4.782563
GATACGATGGGAGTCA-1,-11.170217,3.0358346
GATAGGTAACGTTGAC-1,9.083109,5.391065
GATATGAGACACTAAC-1,-11.476222,1.208875
GATCCGGGAATTAACA-1,-11.13553,-0.16679072
GATCCTCGACACTGGC-1,5.702514,-1.1343077
GATCGCGGGCTCTCCA-1,-1.3540546,-4.214264
GATCGCTACCCGATTT-1,9.514491,5.257231
GATCGTGACTGATATC-1,-11.091281,-1.330658
GATCTGCTATCTAAGG-1,7.985291,9.514367
GATCTTGGAGGGCATA-1,1.0288322,-4.0159636
GATCTTTGCAGGGTAT-1,-11.144725,-0.1925221
GATGACAAGTAGGGCA-1,7.933608,3.0947983
GATGCGTCCTGCATTC-1,8.857573,3.7525585
GATGCTGTATTTCATC-1,-10.384433,-1.0735586
GATGTTCAATCCACGA-1,-11.501354,1.9754
GATTAACCGAAAGCCC-1,8.006377,3.0288923
GATTACTGAATTTGGG-1,-11.446893,1.2696038
GATTCGACGGTTCACG-1,-3.5851235,-4.364556
GCAAACCCTACATTAT-1,-10.61831,-0.087631725
GCAAACCTTGGCCATA-1,7.8478956,6.2478805
GCAAATATTACGCTTT-1,-11.454692,1.0808692
GCAACCACGGCCGCGT-1,-0.62553865,-4.301192
GCAAGAATTCCTTGGC-1,-7.18796,-3.3501163
GCACACACTGGTAGCC-1,8.466006,9.139484
GCACGCCTACTTAGAT-1,3.2094524,-5.979338
GCAGATCCATAAGACT-1,-9.095068,-2.7585897
GCAGATTAGGGATATC-1,6.075333,1.0028468
GCAGCACACAGCCCAG-1,-10.872587,3.503064
GCAGGACTATAGAATA-1,-10.443051,-2.3552198
GCAGTGTGGCTATAGG-1,8.584636,8.74458
GCATAGAGCACTCAGG-1,6.398637,7.691736
GCATCGGCCGTGTAGG-1,8.206018,9.678456
GCATGAGGGACGCGGC-1,7.96036,9.460032
GCATTGTAATTCATAT-1,6.584238,3.7913284
GCCACAATTTAAGGAC-1,-7.8884273,-2.6577747
GCCATCGAGCTGCGTG-1,-11.7047415,1.0541312
GCCCGACTTCTTCCCG-1,5.9123673,3.4271731
GCCCGATCTGTGGTCG-1,7.6299314,6.439951
GCCCGCGCGTAAACGG-1,-7.7191133,-2.7229044
GCCGAAATTCCTACGT-1,-10.171815,-2.2954924
GCCGATTGGCCAAGCT-1,8.761087,3.709752
GCCGCTTGTGAGAAAC-1,-11.377828,1.7266498
GCCGGGTTAGGGTCGC-1,8.637941,3.6763742
GCCTCATCTGGAAATA-1,6.3519115,1.040984
GCCTCTATACATAGCA-1,4.0147314,-2.4547386
GCGAAACTTAACTGGA-1,-9.784757,-2.5997574
GCGAAGCCATACCCGT-1,6.9167624,8.250937
GCGACGATAGTTGTAC-1,2.672953,-5.0942082
GCGAGGCCCGAGCAGA-1,-9.311721,-2.3732226
GCGAGTTCTGCAAAGA-1,3.8111696,-1.6042105
GCGATTGTTAACGTTA-1,-11.081861,3.5527987
GCGCAAGAGCGCGCTG-1,9.330641,6.8630853
GCGCCGTTCCACGATA-1,6.318434,-0.21605924
GCGCGTCATTGGTACA-1,2.7565668,-5.764709
GCGCTAATTGAATAGA-1,-11.027849,-0.8968861
GCGCTATGCCGAGGCA-1,-8.680241,-3.0210667
GCGCTTAAATAATTGG-1,6.9598517,-0.31905994
GCGGACCGCGTTGTGG-1,-9.281405,-2.1307635
GCGGAGAAACTTCGCA-1,6.4079957,2.7875063
GCGGAGAGGGAGAACG-1,-11.15548,3.027301
GCGGCTCTGACGTACC-1,-11.523336,1.164215
GCGGGCGAGCCTTACC-1,-3.2152164,-3.8955243
GCGGTTCCCTATCATG-1,-9.544653,-2.441468
GCGTCGCCAGGGTGAT-1,8.110183,6.948367
GCGTCTCTGCATTGGG-1,-10.674561,3.8001754
GCGTGGTACTGGGTTA-1,6.5626683,1.535718
GCTAAGTAGTTTCTCT-1,-10.027239,-2.8554344
GCTACGACTTATTGGG-1,2.816883,-5.312679
GCTACTATAGTAGAGT-1,8.109815,4.119445
GCTAGCTTGAATAGCT-1,-10.516733,-0.5048139
GCTAGGCACCACGGAG-1,-8.364682,-2.711629
GCTAGTAGAGCTTGTA-1,4.079148,-2.1909459
GCTATACGTCTCGGAC-1,1.9881831,-4.1104746
GCTATCATACTCATGG-1,-0.75006616,-4.5154166
GCTCAATCCGTTTATT-1,5.959045,2.9191568
GCTCAATGTAATACCG-1,8.001875,9.333935
GCTCCTGACATACTGG-1,8.607811,5.508091
GCTCGCTCATGTCCAA-1,8.833542,5.1421747
GCTGAGGCGTGAGTAT-1,6.885793,-0.18999855
GCTGCACGGTTTCTTA-1,-10.358933,-2.6489549
GCTGCTAAGTAGTCGA-1,6.1232324,1.2670866
GCTGCTACTGCGTAGC-1,-3.1909246,-4.552703
GCTGCTCTCCGGACAC-1,5.942807,6.944142
GCTGGCATATTCACCT-1,7.9337845,9.555994
GCTGGCGGCGCATGCT-1,6.8746033,6.801394
GCTGTATTACTGGCCC-1,-5.605886,-3.668468
GCTGTTGCTACCGAAC-1,6.316965,-1.1147792
GCTTAATGTAACTAAC-1,-6.9000874,-3.676606
GCTTATGAAGCAGGAA-1,2.0785885,-5.134123
GCTTCCGTCCCTAGAC-1,6.0275726,7.457567
GCTTTCAGAGGAGGTG-1,8.900995,6.9925985
GGAACCGTGTAAATTG-1,-11.257047,1.2090842
GGAATGCGCTAGCGTG-1,1.5095,-4.050383
GGACCAACAGGATAAC-1,9.11655,5.2445703
GGAGACGACACCTTTG-1,4.4743037,-1.399446
GGAGGGCTTGGTTGGC-1,-3.3958201,-4.502144
GGATCCGGAATATACT-1,-8.372611,-3.7485216
GGATGAAGATCGCTGA-1,6.349402,0.53238887
GGATGACGCGAGTTTA-1,-10.346398,-1.3194352
GGATGCTGGCGTTCCT-1,8.368193,9.519732
GGATGTCCTTACCGCA-1,3.0939536,-3.872172
GGATTTCACTTCTATA-1,3.9214146,-6.2200475
GGCAAAGGCGCCAATA-1,6.4582076,3.0471525
GGCAAATTACTTTACT-1,4.7731805,-1.7221115
GGCAAGGCGAAATAGC-1,2.7660367,-3.588341
GGCAATAGTCAATGAG-1,3.366155,-2.897932
GGCACTCCACTGGGCA-1,-8.607778,-3.644868
GGCATACAGGTAGCGG-1,4.051632,-5.447406
GGCCCTCACCCACTTA-1,6.7704825,2.9280636
GGCCGTTTGGGTTTCA-1,3.781334,-6.0781584
GGCGAAATCTAACTTG-1,1.835324,-4.0765653
GGCGCAGGACATCTTC-1,3.2116275,-5.714891
GGCGCATGAATTGATG-1,4.906968,-0.9227323
GGCGCGGAGATCTTTC-1,8.819651,7.023913
GGCGCGTTCGAGTTTA-1,8.386665,3.1431842
GGCGGAGTAATATTAG-1,-3.3756406,-4.2728763
GGCGGTAGGATCATTG-1,3.7048793,-5.9481087
GGCGTCCTATCCGCTG-1,6.345723,7.503383
GGCTATTAAGTTGTAT-1,-9.800769,-2.5860806
GGCTCCTCCACCTGTT-1,6.297114,7.227916
GGCTCGCGTTGAGGTA-1,6.7341013,8.008209
GGCTGAAATAGCAAAG-1,-10.808683,0.6886593
GGCTTTCAATAAGGGT-1,7.956573,6.91148
GGGAACGGGAGGTTAG-1,-11.185129,0.80138427
GGGACCCGTATATCTT-1,2.2582598,-3.1425018
GGGACTGCATAGATAG-1,7.031154,8.299636
GGGAGAACTCACAGTA-1,3.6372383,-3.243587
GGGAGGATGCCCGAAA-1,-2.7908318,-3.7451906
GGGAGTTAATGAGGCG-1,-9.699043,-2.906475
GGGATGGTCGTAACCG-1,-10.914072,-0.72907156
GGGATTTACCGCACCT-1,3.4697788,-5.673789
GGGCAGAGCAATCGTT-1,7.6232414,6.4585447
GGGCCCGTCTTAAACA-1,2.2379527,-4.712133
GGGCCGGCCGAAGTAC-1,-9.990103,-3.1493413
GGGCGGCAAATGAATT-1,-11.183816,1.9605635
GGGCGGGTTCCCTACG-1,-9.680792,-2.1971395
GGGCGTCACCACGTAA-1,-9.45933,-3.1987834
GGGCTATGATCGATGG-1,3.3777583,-5.8170323
GGGCTGCCTAGGGCGA-1,-9.16753,-2.9606073
GGGCTGGTTAGTCGCG-1,6.4019556,1.3680763
GGGTACTTCATGAACT-1,-11.531351,1.281397
GGGTCACCGTGACGGT-1,-8.626242,-3.4569054
GGGTGACACCTTAACT-1,6.566478,-0.7701706
GGGTTAACATTTGAGT-1,-9.179162,-2.1631265
GGTACAAACATGCTAT-1,6.924719,-0.5786287
GGTAGAAGACCGCCTG-1,5.9526725,1.5663528
GGTAGACCGTTGGGCG-1,-0.41286066,-4.19292
GGTAGTGCTCGCACCA-1,-10.71678,0.5987617
GGTATTGCCGAGTTTA-1,5.4192605,-0.6833103
GGTCAGTGGGTCCCAC-1,8.788133,5.6728206
GGTCGGCCAGGAGCTT-1,3.67045,-6.037819
GGTCGGTCGTCCACAG-1,2.5800953,-5.7461967
GGTCTCTGAATGGACT-1,6.7692122,3.1491926
GGTCTGAGAATCTGGA-1,5.3093596,-1.0350496
GGTGAAGTACAGGGAT-1,-0.9446308,-4.4636097
GGTGATAAGGAGCAGT-1,-11.592627,1.480555
GGTGCTGGTACACATT-1,-10.066204,-1.7616725
GGTGGACTGCTCTGGC-1,-1.874505,-4.8937035
GGTTACCACCCTCGGG-1,0.09861188,-4.073688
GGTTAGCTATATGTCT-1,1.8633254,-4.472494
GGTTTAGCCTTTCTTG-1,8.084149,6.947107
GGTTTCAATCGGTCAG-1,6.5268707,0.18394642
GTAAGTAACAGTCTGG-1,-11.239523,-0.63536924
GTAATCTGATTCTTCG-1,-10.631933,0.29432416
GTACACTTACCTGAAG-1,3.175485,-3.764923
GTACAGAGGCAAGGGT-1,-10.415289,-0.80143434
GTACGCTTCATTGCAC-1,-1.49581,-4.8410425
GTACGTTTGCCCGTCA-1,4.1115294,-2.257124
GTACTCCCTTATCGCT-1,2.49875,-5.3466926
GTACTGGAGTTAGACC-1,-6.405413,-3.503389
GTAGAGGGAGACAAGT-1,5.939309,3.5990396
GTAGCCAAACATGGGA-1,5.495217,-1.2444384
GTAGCGGCTATACACT-1,-3.414706,-4.412984
GTAGCTTCCTCTTGTT-1,7.0077205,1.7656609
GTAGTCGCGGGAATCA-1,-11.382552,1.6173513
GTATCTTTCATAACCA-1,6.3848324,0.42531344
GTATGTGGGTCTAGTT-1,2.3519397,-3.6086912
GTATTCTGAGAAACGA-1,-1.5232602,-4.7254086
GTCAAGCGGACTCGGG-1,-10.871234,3.6406355
GTCATTAGAGCGAACG-1,-2.531772,-4.488817
GTCCCAACGTAAAGTA-1,-11.131739,-0.90464973
GTCCCGCGACGTTATG-1,6.581327,2.6689782
GTCCGGACCTGAAATT-1,1.9216042,-3.281686
GTCCTACGAATAGTCT-1,4.7908893,-1.5011387
GTCGCCGTTGTGTGTT-1,-6.9510403,-3.0076034
GTCGCGTAACCCGTTG-1,-11.303766,1.4260316
GTCGGATATCTCAGAC-1,3.9172473,-5.6998067
GTCGGGAAGCAGAAAC-1,7.9412146,6.8894377
GTCGTACCATCTCGGG-1,7.537326,6.9088707
GTCGTTATTCGCTTAT-1,-11.026482,-0.16192883
GTCTATCTGAGTTTCT-1,-10.803368,3.718087
GTCTATTGGTTCCGGT-1,4.9165306,-0.7966203
GTCTCAAGGCCCGGCT-1,7.1197248,6.599678
GTCTGGGCGGTCGAGA-1,-11.246049,2.5624914
GTGACCGCACACTACG-1,4.0698586,-5.317341
GTGACTTCAGTAGTGC-1,-7.670634,-3.1604726
GTGAGGACACTTAAGG-1,-10.914147,3.4224038
GTGAGTGGTACAACGC-1,3.8529148,-1.5605916
GTGATCACTAACGCCT-1,9.42759,4.7125983
GTGATCATAGATCTGC-1,7.5007143,1.1920131
GTGATTCGCCGCTCAA-1,-7.1440253,-2.8447545
GTGCCATCACACGGTG-1,-8.357852,-2.9229255
GTGCCCGTTCGGATTC-1,-8.658013,-3.2901833
GTGCCGCTTCAAAGGT-1,-11.064754,3.3289392
GTGCGAAATCGAACAC-1,-11.537525,1.1463388
GTGCGACAGGGAGTGT-1,7.6237874,7.880475
GTGCGTGTATATGAGC-1,-9.114187,-3.0564194
GTGCTCAAGTACTGTC-1,3.8900375,-4.980141
GTGGACCAACCCGATT-1,3.332974,-4.512966
GTGGACGCATTTGTCC-1,7.2976522,6.4410625
GTGGAGTCGGCGGTTG-1,3.6248798,-5.091022
GTGGCGGTCCCAGCGT-1,8.719043,7.5754952
GTGGGCTTAGACACAC-1,7.6796465,9.078355
GTGGTATAGTCTGCCG-1,1.2856141,-4.0033426
GTGGTGGCCAAGTGAA-1,-11.35165,1.9225422
GTGGTTTCCGCCTTTC-1,-7.649822,-2.935987
GTGTATATCAGCGGGC-1,8.570695,4.359974
GTGTCGTATAGCGTTC-1,3.4372468,-6.372093
GTGTGAATAACTTAGG-1,-2.0538955,-4.9904203
GTGTTACTATGCGTCC-1,-11.250221,0.5176132
GTTAAAGTAGGACTGG-1,-10.381361,-0.43670636
GTTAACATCACTTAAA-1,6.9687185,0.124032095
GTTACAATTGGTGACG-1,-8.725764,-3.6043606
GTTACCTACAACTTGC-1,6.2562804,1.7846419
GTTACTTTGGGCCTAG-1,2.5013437,-5.183099
GTTATATTATCTCCCT-1,3.2667654,-2.009356
GTTCACAGGAGTCTAG-1,3.794483,-1.8958931
GTTCGCCATAAGTGCC-1,6.363759,-0.5774337
GTTCGTCTAAAGAACT-1,3.2828975,-5.0741477
GTTGAACCGGTTCCAT-1,-11.716222,0.7517444
GTTGAGTCCCGCCGGT-1,-9.940345,-3.2368798
GTTGGATTGAGAACAC-1,4.0834904,-1.3442366
GTTGGATTTGCGTTGG-1,-1.7509266,-3.8129375
GTTGGTCATGCTATCC-1,8.0097475,6.6174126
GTTTACGTTCCATCTG-1,6.7803917,6.980366
GTTTCATATCGTCGCT-1,2.8821316,-5.607785
GTTTCTGCAGTCTCCC-1,-9.908021,-2.8250966
GTTTGGCCCAAGTTAT-1,-10.890912,0.27533603
GTTTGGGCTTGTGAGC-1,8.273655,6.901878
GTTTGGTAGGGTCAAC-1,6.920399,3.4611683
TAAACCCAGGAGGGCA-1,5.62646,-0.9934531
TAACATACAATGTGGG-1,-9.193038,-3.0946023
TAACTCATCCGCGCGG-1,-3.532542,-4.4050407
TAAGGCATAACATCAA-1,-1.9557801,-4.5290112
TAAGGCTGAATCCCTC-1,7.190783,5.9882193
TAAGTAACATCTTGAC-1,-8.282102,-2.6005669
TAAGTCGCCGAGTATC-1,6.765275,4.2777915
TAAGTTGCGACGTAGG-1,8.697783,4.360892
TAATAGAACAGAGTTA-1,2.829002,-4.883561
TACAACGCACAACTCA-1,-2.0813096,-4.7293525
TACATAGGCATACACC-1,8.982298,4.960252
TACATTTCTAACGTGC-1,7.567922,1.2590915
TACCAAATAGCCCAGA-1,8.162991,5.1832223
TACCAATAAAGTACCA-1,-3.8604136,-4.143397
TACCAGAAGTAGGTTC-1,-8.598496,-3.2682607
TACCGCGGACTTGCAG-1,6.233096,7.6223183
TACCGGCTCACTGCCC-1,9.178253,5.0351624
TACCGGTCGTTTCCAT-1,-2.3653913,-4.0911565
TACCGTAGGTTAACTA-1,8.655705,5.7228613
TACCGTGCCTCGGACC-1,6.2135534,3.7316952
TACCTACTCCCAGTAT-1,7.780992,5.7573485
TACCTCAGTTGTCTGT-1,6.248667,2.6911206
TACCTTAAGATTTCCC-1,5.890922,3.9153085
TACGAACACGACTTCA-1,8.275245,6.8909645
TACGACGCTTGCTGCG-1,1.6594489,-4.410002
TACGACTGCCTCTTAG-1,6.905201,-0.5169332
TACGAGAACTTCACGT-1,-11.140072,-0.05056311
TACGATGTTGATCATC-1,-8.259282,-2.548563
TACGCAGTTCTTTCCT-1,2.3246894,-4.6597424
TACGCCATATTCTAAT-1,8.820461,3.6156824
TACGCCGAGGGTACCC-1,6.2746534,1.2533656
TACGCCTCCATTCCGA-1,8.93475,5.2618327
TACGTTTACCGGCAAT-1,-9.2531,-2.3205886
TACTATGGTTCCTCAG-1,-7.180882,-2.8082502
TACTCTTTCGTCTTCA-1,-0.9774158,-4.6132016
TACTGAACAGATTTAG-1,-8.0041685,-2.7137876
TACTGGACAGCTCGGC-1,6.044344,3.9696963
TACTTGTTAGTAGTCC-1,-7.8107166,-3.395385
TACTTTCCGCACGCCA-1,8.437421,9.386365
TAGAAAGGTGGCGCTA-1,3.9956703,-5.8217683
TAGACGCCCGTACCGG-1,5.8629985,2.6043992
TAGAGATCATGCAACT-1,3.5949712,-4.923438
TAGAGGTTCTACTTGT-1,9.277158,6.90034
TAGATATGGACTGGAA-1,-2.111165,-4.47204
TAGCCATTTCAAAGTC-1,3.826286,-5.421007
TAGCCGGCGGTCAGCG-1,0.58296543,-3.9178777
TAGCGTCCGGTGTGGT-1,-3.7388103,-4.029089
TAGCGTTGGGTCTTAC-1,-3.4928803,-4.3988028
TAGCTAGAAGGCATGA-1,-8.292657,-2.9495018
TAGCTAGTGATGATGG-1,5.857024,-0.86005205
TAGCTCGCCTGATAAC-1,6.066536,1.2247819
TAGGGAGCTTGGGATG-1,6.6572504,4.9364543
TAGGTGCTCGCCTAGC-1,-6.808291,-3.23485
TAGGTGTTCCACAGAT-1,7.27276,6.4095902
TAGGTTCGAGTTCGTC-1,-4.8270445,-3.9176252
TAGTCCGCAGAGAATG-1,5.1624727,-1.3484192
TAGTCGATCACGGGTT-1,9.403869,5.4940815
TAGTCTAACAACGAGA-1,-9.9280615,-1.4728904
TAGTGCCCTCCAGAGT-1,6.920898,-0.33127734
TATACACAGACGCCTT-1,8.786838,5.8225374
TATACGCGTCATCACT-1,7.058011,7.296159
TATAGATGGTCGCAGT-1,7.9818516,9.4191
TATATCCCTGGGAGGA-1,8.427266,6.2850666
TATCCAATTGGTTATC-1,2.6761265,-5.4999495
TATCCGCACCGTCGGG-1,6.064567,1.5220004
TATCTACCACAGCGGG-1,7.8330765,6.3703494
TATGGGACCGAGCAGG-1,6.021008,7.218894
TATGGGTACGTATCGT-1,6.659762,8.098591
TATGGTCTGAGTAACA-1,6.230237,7.6916676
TATGTCTCATTGTGCC-1,6.1393504,-0.07732483
TATTAACCTGACCGCG-1,-8.049125,-2.8338225
TATTACCATCCTGCTT-1,6.2065816,1.6610695
TATTCAATTCTAATCC-1,-11.234456,0.4767929
TATTCCACTCAGCTCG-1,6.7009387,0.39724472
TATTCCGAGCTGTTAT-1,-4.246155,-3.8147035
TATTCCTCCGCCCACT-1,2.5908163,-4.7353654
TATTCGTGCCAGAATA-1,3.1638677,-5.5287213
TCAAACTTAGATTGTT-1,6.2450895,1.4711373
TCAAATTTGAGACTCA-1,7.5020957,6.6308336
TCAACAAAGATAATTC-1,8.695334,4.803712
TCAACATAGCGCCCTA-1,-0.73757017,-4.1965237
TCAACGAGGAGACAAA-1,7.176846,0.7664711
TCAACGCAGGAAATAA-1,5.8357043,0.43411022
TCAACGCGACCGGCAG-1,6.628114,2.603379
TCAAGGTTACTACACC-1,6.8961287,7.7803006
TCACAGCAAACTCGAA-1,-10.195118,-1.1882616
TCACAGGAGAATAAGA-1,-8.31758,-3.200555
TCACAGGGAATCGCAA-1,-11.096092,3.5285845
TCACAGGTTATTGGGC-1,2.995777,-6.035981
TCACCCTCTTAAGATT-1,8.117629,3.5505533
TCACGATGTCCGTGGA-1,8.30299,5.7739224
TCACGCATTGTAGATC-1,2.7624648,-5.702148
TCACGTGCCCGATTCA-1,7.1585236,1.3287328
TCAGACGCTATAGAAG-1,2.114751,-4.758065
TCAGCAAATGCATCTC-1,-0.5713912,-3.9904196
TCAGGTTCTTTGAGAA-1,3.7040088,-2.5482352
TCAGTAGGGACTATAA-1,-10.985119,-1.4053643
TCAGTGTATACGTCAT-1,6.3429008,4.759598
TCATTTAAGTCTCCGA-1,7.484066,7.6862082
TCCAACTTTAAATTCT-1,-10.795708,3.769593
TCCACAATGGTTTACG-1,7.1785455,-0.19022723
TCCACCTCTAGCCTTT-1,7.165578,6.7437015
TCCACTTTATCTAGGT-1,3.3733318,-5.620902
TCCAGAGCACCGGTTC-1,-2.5471318,-4.7406335
TCCAGGCGAGTACGGT-1,7.825714,9.097918
TCCCAGCTTTAGTCTG-1,5.7837205,2.5913727
TCCCAGGCTTAGCTAA-1,5.915452,4.0054374
TCCCGGGTGTGCTGCT-1,0.074788705,-3.9085293
TCCCGTGTGCAATTTG-1,-10.700042,-0.14915673
TCCCTGGCTCGCTGGA-1,8.593045,8.984726
TCCGATTACATTGCCG-1,6.4898863,0.75323224
TCCGCCTGTCTACAAG-1,6.9232287,-0.038178716
TCCGCGGCAGCATCTG-1,-4.3498163,-4.045494
TCCGCGGCCCAATGAA-1,8.647422,7.478876
TCCGCTGTCATCCCGG-1,-10.628718,0.12419105
TCCGCTTATCCCATTA-1,7.1638346,7.483796
TCCGGTTCGTCCGGTC-1,-1.1938888,-4.6664414
TCCGTTAAGCTAATAT-1,8.625071,9.236036
TCCTAAATTGGGAAGC-1,8.800092,4.7321305
TCCTACATCCACGGCC-1,-7.092292,-3.143399
TCCTAGCAAAGAAGCT-1,-10.880902,3.6257133
TCCTCCTAAGACATTC-1,9.490803,5.5822263
TCCTCGGGCTGGGCTT-1,-11.528867,1.8615817
TCCTGCGTTGATACTC-1,-4.225121,-4.0353065
TCCTTACGACGGTCCG-1,8.935935,4.574081
TCCTTTAAATCCGCTT-1,6.642153,0.94286966
TCGAAATTTAGGACCA-1,7.633517,9.191051
TCGAAGAACCGAGCAC-1,9.076666,5.6531534
TCGAATATCCCGCAGG-1,7.5892115,7.966389
TCGAGACCAACACCGT-1,7.450345,1.0621312
TCGAGCCAGGCAGGCC-1,4.9063,-0.1858813
TCGCAAAGATGCATTT-1,-10.043,-2.7942114
TCGCACCAGGAGGCAG-1,-11.401378,0.0718925
TCGCCGAAGTTGCGTC-1,-6.4864197,-3.4154046
TCGGACGCCCAGCCCA-1,-8.773576,-2.8738992
TCGGAGAGTATCGGGA-1,5.8447104,3.5063412
TCGGAGTACATGAGTA-1,-7.3760653,-3.7777767
TCGGGAGACAGCGTAC-1,7.424641,5.607519
TCGGGCCGTCGTGGTA-1,-2.590304,-4.6132126
TCGTATTACCCATTGC-1,6.480391,2.3704646
TCGTCAAGTACGCGCA-1,3.0250914,-5.332236
TCGTCTTAGGCGTTAA-1,-9.701144,-2.3353982
TCGTGTACTATGGATG-1,8.632284,9.380334
TCGTGTCACGCTGACA-1,8.171174,8.456656
TCGTTAGGAGTCCCTA-1,2.7653306,-5.9007397
TCGTTGCTATCCGGTC-1,-10.096223,-1.368964
TCTAGCAATCTCCGCC-1,2.0426922,-3.4750888
TCTAGCATGCCCAGAA-1,8.442943,5.0503263
TCTAGTGATATCGTGG-1,8.555379,5.2072563
TCTAGTTATCAGAAGA-1,5.3490844,-1.3566841
TCTCATGAGATAGGGT-1,3.6917498,-6.0919366
TCTCCCTGGGCAGCGT-1,-6.820634,-3.6272218
TCTGAACTCGTACCCG-1,8.103471,3.4751194
TCTGAAGCACGTGGTC-1,2.0784717,-5.204324
TCTGAATTCCGTACAA-1,5.9022264,3.5967078
TCTGATGTATTCTGTC-1,-10.0997505,-0.7494951
TCTGCCAGAAACTGCA-1,-11.446359,2.1325176
TCTGGGAACCTTTGAA-1,7.7957373,2.8552053
TCTGGGTAGCGCTCAT-1,-10.899927,-0.7832712
TCTGTGCCATCATAGT-1,-1.4685372,-4.917421
TCTGTTACCCAGCATA-1,4.616345,-1.7883362
TCTTACTTATGCCTCT-1,7.1289945,6.207257
TCTTAGAGTGAACTCT-1,9.207617,4.8329887
TCTTCCCATGGGCACA-1,7.6654315,8.829261
TCTTCGAATAGACGTT-1,-9.781064,-2.656637
TCTTCGATACCAATAA-1,3.2209363,-6.1475487
TCTTGATGCGTAGCGA-1,-1.6691256,-4.6569858
TCTTTAAGACTATGAA-1,9.089988,7.0826516
TGAAAGGACCTGACTC-1,-8.955996,-3.3010385
TGACCCACGTTAGACA-1,-4.001973,-4.0951777
TGACGAATATTTCCCT-1,6.518237,1.327486
TGACGATGCACTAGAA-1,5.6287556,2.6449292
TGACTATAATCCTTTC-1,4.227355,-1.7428772
TGAGAGATTTACCACG-1,3.356462,-4.4113336
TGAGCCATACAGTCTC-1,-10.323371,-0.5290289
TGAGCGGAAAGTGTTC-1,7.033648,6.4799166
TGAGGAGTGCCAGCTT-1,8.51826,6.3375964
TGAGTAAATTAGCGTA-1,6.4538546,-0.2130092
TGAGTGCCTCTTAAAT-1,-10.490349,-0.84230965
TGAGTGGTCCGTGACG-1,6.767119,3.305977
TGATACATTTAGCCGT-1,-8.80636,-2.253739
TGATCAGGGAACTGCT-1,3.1208115,-2.5156105
TGATTCGTCTATCACT-1,1.4656259,-3.8054228
TGATTCTGTCGCCGGT-1,-10.600602,0.7327129
TGATTTATTAGCTGTG-1,-10.224356,-2.0245426
TGCAGAACTATATCGT-1,5.6885223,2.166767
TGCAGAGTACCGAGCA-1,-10.053999,-2.0045764
TGCAGTTTCCTCCCAT-1,3.0181081,-6.162413
TGCATATGTCTGTCAC-1,-7.369645,-3.565039
TGCATGTGGTAATCTA-1,7.131381,7.4221416
TGCCAAAGTCAGACTT-1,8.939858,7.8535743
TGCCAATGGGTACTCT-1,-2.5332603,-4.107234
TGCCAGTACGTGGAGA-1,4.411284,-1.6172415
TGCCCGTACCGTTAAA-1,-10.752469,-1.9032012
TGCCGTGGATCGTCCT-1,6.963275,6.3888626
TGCCTTGGCCAGGCAA-1,-10.263946,-0.96186686
TGCGACACCCTAGTGC-1,-11.563146,1.4534374
TGCGAGAATATTACCC-1,-1.9545178,-4.4210057
TGCGCAAAGCATTTGG-1,3.315348,-4.622052
TGCGTAAGAACCTGAT-1,-10.991292,3.4860969
TGCGTTTGTTGACACT-1,-10.928116,1.0388346
TGCTAAGTGTCTATTT-1,3.102472,-2.2223635
TGCTCCACAGTTCTTA-1,6.30722,3.5606265
TGCTCGGCGAAACCCA-1,8.101621,6.3233852
TGCTGTTGAAGAACTC-1,-1.9005431,-3.786891
TGGAAGAAGGGAACGT-1,-11.118682,0.337314
TGGACTGTTCGCTCAA-1,-11.630638,1.3416556
TGGAGTGATGCGATGA-1,7.8974524,9.4598875
TGGCAAACTAAATTAC-1,-10.491631,-0.5713432
TGGCAGATTACGATCA-1,7.606263,1.2502918
TGGCAGCAGTAATAGT-1,8.667789,3.6562943
TGGCGACTGCTCCAAA-1,-9.956599,-2.9998896
TGGCGATCAAGTTATG-1,2.347283,-5.0400567
TGGGCCCATACTAATT-1,4.488033,-1.3566104
TGGTAGAATATATGGG-1,8.453512,6.8050885
TGGTCCCACGCTACGG-1,3.145104,-4.0281854
TGGTCTGTTGGGCGTA-1,2.0018945,-5.1441417
TGGTTCAACGGGTAAT-1,-2.1518333,-4.821438
TGTACGAACAAATCCG-1,8.236476,4.1670566
TGTAGGAGAAATTTCC-1,-2.0635319,-4.4950104
TGTAGTGATCTATAAT-1,-2.8535612,-4.4549937
TGTATAACAGATCCTG-1,7.143983,8.407719
TGTATGGCGCAGACAG-1,6.7119412,0.3042295
TGTCCTAAGTCACCGC-1,3.3198657,-2.3573062
TGTGAGACTAGCCCAA-1,8.206041,6.839626
TGTGCCGGTGCCGGAA-1,8.288263,4.0959587
TGTTATTGTATGTGGC-1,-0.39797503,-4.3421254
TGTTCCGCTTCCATGA-1,-11.203941,1.3495973
TGTTCGTATTGCGGTG-1,8.243618,6.9480257
TGTTCTTCCATTGACT-1,-9.849372,-2.4620774
TTAAACTCGAATTCAT-1,8.186436,9.680758
TTAACTTCAGGTAGGA-1,5.1504874,-1.1318614
TTAAGATAGGATTGAC-1,8.621902,8.862815
TTAAGCGCCTGACCCA-1,3.9856071,-2.670577
TTAATGTAGACCAGGT-1,5.784024,3.663108
TTACCATTGATTACCC-1,6.490184,0.489434
TTACCCTAGGGATTGG-1,8.060869,6.881837
TTACGGATGGTTCGAG-1,6.2518005,1.6000069
TTACTAAAGGACTTTA-1,-10.9781475,0.7705048
TTACTCCGGCCGGGAA-1,-10.404206,-1.6853696
TTACTCTGGTACGTAC-1,-3.6358683,-4.081803
TTACTGGGATATTTCA-1,4.629922,-1.5880976
TTAGAAGAACATGACT-1,7.2726407,7.277079
TTAGAATAAGGGTCGG-1,8.288093,3.5481062
TTAGACGAGTCACCTC-1,-10.896068,3.2877922
TTAGAGTTTAGAAGGA-1,0.8498986,-3.9188886
TTAGCTGATTTGCCGT-1,5.688378,1.8870672
TTAGGTCATAACCGAC-1,5.0528035,-0.9463191
TTAGTAGGGCGGCGGG-1,7.5423317,8.065833
TTAGTTATTCGTGGCA-1,6.0766425,3.2807736
TTATATACGCTGTCAC-1,-11.163789,1.914758
TTATCCGGGATCTATA-1,-2.3523045,-4.024904
TTATGAATGAAAGGGA-1,7.206215,0.014829094
TTATGATCTTAACGAA-1,-11.106945,-0.031262845
TTATTAGAGCGTGTTC-1,2.6778948,-5.2639008
TTCAAAGTCTCTAGCC-1,-11.266134,1.6668419
TTCAATACTCTGAATC-1,-8.48784,-3.5628223
TTCACGAAAGGATCAC-1,6.7255583,-0.3501402
TTCACTCGAGCACCTA-1,7.9485483,5.9834785
TTCAGCCCTGGTCCAC-1,-2.5408604,-4.552229
TTCAGCTGGCGTGCCC-1,8.610579,9.019386
TTCCAATCTGGCTATC-1,-10.862375,3.4923842
TTCCACACAGATTTGA-1,-10.93921,3.1600857
TTCCGCGTGAGGCGAT-1,8.08474,5.7928176
TTCCGGCCTTGAGGCT-1,-9.707151,-1.595738
TTCCGGTTACCCACTT-1,3.5257115,-6.1593647
TTCCTCGGACTAACCA-1,-6.9192414,-3.0868936
TTCGACAGAGCCCGTG-1,7.3560963,5.5749345
TTCGCACTGTACGACA-1,7.506866,6.503443
TTCGCGCGCCATACGA-1,3.4619331,-4.9546947
TTCGGGACTAATCGCG-1,-10.734491,0.15037116
TTCGGGCGCTAGTCTT-1,2.9773324,-4.1370525
TTCTAACCGAAGCTTA-1,3.1173184,-3.612932
TTCTAGAAAGTCTTAT-1,6.510762,-0.9209605
TTCTGACCGGGCTCAA-1,-9.146879,-2.3093717
TTCTGCCGCGCCTAGA-1,5.903914,0.20832704
TTCTGCGGGTTAGCGG-1,-10.923128,0.6189124
TTCTTATCCGCTGGGT-1,6.475179,7.158555
TTCTTGAGCCGCGCTA-1,-8.971528,-2.7202744
TTCTTGGACGATCTGC-1,5.724739,3.021673
TTGAAGAATTCCCAGG-1,2.4176886,-3.5585368
TTGAATATGGACTTTC-1,-10.739663,-0.09503729
TTGAATTCACGTGAGG-1,5.6319094,2.5442097
TTGACAGGAGCTCCCG-1,9.384962,5.933907
TTGACATGAACGTGGA-1,-1.2063764,-4.669149
TTGACCGTGTTAATGA-1,4.7297196,-1.3814387
TTGACGCTCCATGAGC-1,9.4771,6.0096707
TTGACTACCATATGGT-1,-11.179602,1.2743771
TTGAGAAGTTTAGCAT-1,2.0231328,-4.465512
TTGAGAGTACTGCTAA-1,-8.277797,-3.3447912
TTGATCTAACTTTGTC-1,7.5786896,8.990943
TTGATTAGCTGTTTCT-1,2.583124,-5.7690744
TTGCACAATTCAGAAA-1,7.4007735,1.051427
TTGCATGCTGATCACG-1,-10.399908,-1.1994416
TTGCCCTGATCACGGG-1,-8.517211,-3.6259048
TTGCGGCATCAGAAAG-1,-10.691361,-1.0167437
TTGCGTCGGCCAACCG-1,-7.0924854,-2.9601243
TTGCTGATCATGTTCG-1,7.1061068,5.928287
TTGGAAGAATACAGTC-1,8.975548,5.9769325
TTGGACATGTGGCTTA-1,-3.9418337,-3.9956167
TTGGACCTATAACAGT-1,1.8632798,-4.202847
TTGGATATCGTCTACG-1,-3.3191857,-4.2277327
TTGGGCGGCGGTTGCC-1,4.880628,-0.20120972
TTGGTCACACTCGTAA-1,-10.342065,-0.33624718
TTGTAAGGACCTAAGT-1,2.984318,-5.4839025
TTGTAATCCGTACTCG-1,6.9409957,-0.71977705
TTGTGAACCTAATCCG-1,6.5087237,1.042845
TTGTGCAGCCACGTCA-1,7.277933,5.801672
TTGTGGTAGGAGGGAT-1,6.020047,3.7273803
TTGTGTATGCCACCAA-1,8.373492,6.478736
TTGTGTTTCCCGAAAG-1,6.201701,4.0333586
TTGTTGTGTGTCAAGA-1,2.9903526,-5.447037
TTGTTTCACATCCAGG-1,2.288868,-5.332099
TTGTTTCCATACAACT-1,1.8014508,-3.5151758
