Barcode,Cluster
AAACAAGTATCTCCCA-1,9
AAACCGGGTAGGTACC-1,4
AAACCGTTCGTCCAGG-1,1
AAACGAGACGGTTGAT-1,1
AAACTGCTGGCTCCAA-1,3
AAACTTGCAAACGTAT-1,6
AAAGGCTCTCGCGCCG-1,4
AAAGTAGCATTGCTCA-1,5
AAAGTGTGATTTATCT-1,2
AAAGTTGACTCCCGTA-1,3
AAATACCTATAAGCAT-1,3
AAATAGGGTGCTATTG-1,1
AAATCGTGTACCACAA-1,3
AAATGGTCAATGTGCC-1,4
AAATTAACGGGTAGCT-1,8
AAATTGATAGTCCTTT-1,6
AAATTTGCGGGTGTGG-1,2
AACACACGCTCGCCGC-1,3
AACACGAGACGCGGCC-1,2
AACCAAGACTTCTCTG-1,2
AACCCTACTGTCAATA-1,2
AACCGCTAAGGGATGC-1,3
AACCTTTAAATACGGT-1,7
AACGATAATGCCGTAG-1,2
AACGCTGTTGCTGAAA-1,5
AACGGACGTACGTATA-1,2
AACGGCCATCTCCGGT-1,4
AACGTACTGTGGGTAC-1,1
AACGTGCGAAAGTCTC-1,1
AACTAGGCTTGGGTGT-1,6
AACTCAAGTTAATTGC-1,1
AACTCTCAATAGAGCG-1,3
AACTCTCAGTGTGCTC-1,4
AAGACCCAACTGAACA-1,5
AAGACTGCAAGCTACT-1,1
AAGAGCTCTTTATCGG-1,1
AAGAGGATGTACGCGA-1,4
AAGAGGCATGGATCGC-1,1
AAGATGGCACCGGACC-1,3
AAGCACCCTGCGTATC-1,7
AAGCATACTCTCCTGA-1,5
AAGCGTCCCTCATCGA-1,3
AAGCTAGATCGAGTAA-1,3
AAGCTCGTGCCAAGTC-1,1
AAGCTCTTTCATGGTG-1,2
AAGGCTGTGCTCATCG-1,2
AAGGTGATAAACCAGC-1,3
AAGTAGTGACGCGAGG-1,3
AAGTCAATTGTCGTCA-1,6
AAGTGACGACCGAATT-1,2
AAGTGCGTTAGAATCT-1,3
AAGTGTTTGGAGACGG-1,1
AAGTTCACTCCAAGCT-1,2
AAGTTCGGCCAACAGG-1,2
AATAACAACGCTCGGC-1,2
AATAACACTAGAACAA-1,2
AATAGAACAGAGTGGC-1,1
AATAGAATCTGTTTCA-1,4
AATAGTCCGTCCCGAC-1,6
AATATTGGAGTATTGA-1,6
AATCATGTAAAGACTC-1,6
AATCGCCTCAGCGCCA-1,1
AATCTGCGTTGGGACG-1,5
AATGACAGCAATGTCT-1,3
AATGACGTAGGATGTC-1,1
AATGTGCCCGAGGTGT-1,8
AATTAAAGGTCGGCGT-1,2
AATTAACGGATTTCCA-1,7
AATTAGCGCTGCAGCG-1,8
AATTCTAGAGTTAGGC-1,7
AATTGAACGCTCTGGT-1,1
ACAAATCGCACCGAAT-1,1
ACAAATGGTAGTGTTT-1,1
ACAACAGCATGAGCTA-1,1
ACAAGGAAATCCGCCC-1,1
ACAAGGGCAGGCTCTG-1,1
ACAATAGTCGTACGTT-1,6
ACAATCCATTTAAACC-1,4
ACAATGAATACGGAGA-1,6
ACAATTGTGTCTCTTT-1,5
ACACACCAGGACCAGT-1,2
ACACGAGACTCCTTCT-1,4
ACACTGATCAAGGTGT-1,1
ACAGAACTGAGAACAA-1,6
ACAGGCTTGCCCGACT-1,4
ACAGGTGGAGGTGAGG-1,2
ACATCCCGGCCATACG-1,3
ACATCCTGGTAACTGT-1,8
ACATCGATCGTTTACC-1,5
ACATCGGTCAGCCGCG-1,1
ACATCGTATGCAATGG-1,1
ACATTAGTTTATATCC-1,7
ACCAACGCTTATTTAT-1,1
ACCAATATGCAAGTTA-1,2
ACCACAAGTTTCTATC-1,9
ACCACGTGCAGCTATA-1,1
ACCAGTGCGGGAGACG-1,5
ACCATATCCGCAATAA-1,3
ACCATCGTATATGGTA-1,1
ACCCAACGCCCGTGGC-1,5
ACCCATCTTGAGGGTA-1,1
ACCCGGAAACTCCCAG-1,7
ACCCGGATGACGCATC-1,6
ACCCGGTTACACTTCC-1,1
ACCCGTGTCATCAGTA-1,3
ACCCTATGCCATATCG-1,4
ACCCTCCCTTGCTATT-1,1
ACCGATGGTAGCATCG-1,4
ACCGCAATAACTGCCT-1,1
ACCGGGCCTTTGTTGA-1,5
ACCTAAGTACCTTTCA-1,3
ACCTAATCGACTTCCT-1,5
ACGATGCATATGTTAT-1,1
ACGCATTCGTGAGTAC-1,2
ACGCCGCTAGACGACC-1,4
ACGCGAAGTCAGACGA-1,2
ACGCGCTACACAGGGT-1,1
ACGCGGGCCAAGGACA-1,3
ACGGATGGTGCGGATA-1,3
ACGGCACTTGCTTGGG-1,6
ACGGCCAACATGGACT-1,2
ACGGCGACGATGGGAA-1,1
ACGGGAGTGTCGGCCC-1,2
ACGTAGATTGCTGATG-1,4
ACGTATTACTCCGATC-1,3
ACGTTAATGTCGAAGA-1,4
ACGTTAGATTTGCCCG-1,1
ACGTTCGTTCAGGAAA-1,3
ACTACGCGTTAGAATT-1,7
ACTATTTCCGGGCCCA-1,3
ACTCCCTAATGCTAAA-1,7
ACTCCCTAGAATAGTA-1,2
ACTCGTAACCCGTCCT-1,5
ACTCGTCAGTAATCCC-1,1
ACTCTCTGACTTAGGT-1,1
ACTCTTGTATAGTAAC-1,1
ACTGAATGGCGAAAGT-1,1
ACTGTACGATACACAT-1,3
ACTGTCCAGGATTATA-1,3
ACTGTCTTCTTTAGAA-1,8
ACTTACGCATCCACGC-1,5
ACTTATACTTACCCGG-1,2
ACTTATTAGGATCGGT-1,2
ACTTATTTATGTGCCA-1,2
ACTTCAGGCTGATCCC-1,1
ACTTGACTCCCTCTTT-1,4
ACTTGGGACCCGGTGG-1,9
AGAAGAGCGCCGTTCC-1,6
AGAAGGTTGCCGAATT-1,1
AGAAGTGATTCGTGAT-1,3
AGACCCACCGCTGATC-1,6
AGACGAAGTGCCGGTC-1,5
AGACGACGATGCCGCT-1,2
AGAGAAGGAGTACAAT-1,6
AGAGGCTTCGGAAACC-1,6
AGATAACTTCAGGGCC-1,1
AGATACCGGTGTTCAC-1,1
AGATACTCAAGATCGA-1,1
AGATCTCAGGTGTGAT-1,6
AGATTATAGGACGTTT-1,3
AGCAAAGGCCGCTAGT-1,10
AGCAACATATCTTATT-1,3
AGCACTACCTCACCAG-1,1
AGCACTTAAGGACGCC-1,3
AGCAGCCAGATGAATA-1,5
AGCATATCAATATGCT-1,5
AGCCCATACATGTAAG-1,2
AGCCCGGTAGCCTGTA-1,5
AGCCGTGGCTAAATGT-1,6
AGCGACAGGAACGGTC-1,2
AGCGCATAATGAATCG-1,3
AGCGTGGTATTCTACT-1,4
AGCTCCTTCGCACATC-1,1
AGCTCTAGACGTTCCA-1,1
AGCTCTTTACTCAGTT-1,1
AGCTGTAACCTCAATC-1,6
AGCTTGATCTTAACTT-1,3
AGGACAGTCGAATCCC-1,4
AGGACGACCCATTAGA-1,1
AGGAGGCCTTCGCGCG-1,5
AGGATAAAGTCGGGAT-1,7
AGGATATAGGGATTTA-1,5
AGGCAGGGAGCGTACT-1,2
AGGCATTGTCGTAGGG-1,5
AGGCCCTAGAACGCCA-1,3
AGGCTTCCCGAAGAAG-1,1
AGGGACTCTACGCGAC-1,2
AGGGCGAGCAGCTGAT-1,5
AGGGCTGCAGTTACAG-1,2
AGGGTCGATGCGAACT-1,2
AGGGTGCTCTCGAGGG-1,3
AGGGTTCCCTTTGGTT-1,9
AGGGTTTAGTTCGGGA-1,2
AGGTAGGTACAAAGCT-1,2
AGGTCAGGTGAGAGTG-1,6
AGGTTTCACACACCTT-1,2
AGTACTCTTATGCCCA-1,2
AGTATTTGGCACGACC-1,3
AGTCAACACCACCATC-1,1
AGTCAAGATGACACTT-1,3
AGTCCATTGGCTGATG-1,5
AGTCGACGGTCTCAAG-1,4
AGTCGGCTCAACTTTA-1,2
AGTCGTCGACCACCAA-1,2
AGTCGTGGGCATTACG-1,2
AGTCTCACAAGACTAC-1,5
AGTGAACAAACTTCTC-1,6
AGTGACCTACTTTACG-1,2
AGTGAGACTTCCAGTA-1,4
AGTGATATGAGTAGTT-1,1
AGTGATTCAAGCAGGA-1,2
AGTGCACGCTTAAGAA-1,5
AGTGCGTAGCTCGTAA-1,1
AGTGCTTGCACGAATA-1,2
AGTTAAACACTTGCGA-1,1
AGTTAAGTCAACCGCT-1,6
AGTTCCTACAGAATTA-1,6
AGTTCCTATTTATGTT-1,3
AGTTTGCACCTGCCTC-1,7
AGTTTGGCACGGGTTG-1,6
AGTTTGGCCAGACCTA-1,2
ATAAACGGACCCGTAA-1,5
ATAAAGGCTCGGTCGT-1,2
ATAAATATTAGCAGCT-1,2
ATAACGCCGGAGGGTC-1,1
ATAAGGTGGAGAACAT-1,2
ATAAGTTACCGCGACG-1,4
ATAATAGCTGTTGAAT-1,8
ATACAGGCCCTCCAAT-1,5
ATACCACGGGCAACTT-1,2
ATACCTAACCAAGAAA-1,7
ATACGCCGGCGAAACC-1,1
ATACGTACTTAGCCAC-1,2
ATACGTCCACTCCTGT-1,2
ATACTGCCTTACACCG-1,5
ATAGACGAAGAGAAAG-1,1
ATAGGCGGCTATAGAA-1,1
ATAGTGAAGCGTTCTC-1,3
ATATAAAGCGCTCGTG-1,7
ATATAAATGTAGCTGC-1,2
ATATCTTAGGGCCTTC-1,3
ATATGTCTCCCTAGCC-1,5
ATATTCAGTTAAACCT-1,1
ATATTCCACATAGTGA-1,1
ATATTTAACCCTCAAG-1,8
ATCAAACGAAGGTTTG-1,2
ATCAATCTGGGCTGCA-1,2
ATCACGTGCTAATTAA-1,4
ATCAGACGGCACGCCG-1,1
ATCAGCCTCATGCTGC-1,3
ATCATCCAATATTTGT-1,2
ATCCAATGGAGGGTCC-1,2
ATCCAGAGCAACAACC-1,1
ATCCAGGATTCGTGAA-1,1
ATCCTACCTAAGCTCT-1,1
ATCCTGAATCGCTGCG-1,2
ATCCTGCGTGGAATGG-1,1
ATCGACCCAATACAGA-1,5
ATCGGAGACAGACGGC-1,4
ATCTAATATCCTACGG-1,7
ATGACGCGTTCTATCC-1,2
ATGACTATGCGACATT-1,2
ATGATGCAATGGTACA-1,4
ATGCCATTTGCGACCA-1,3
ATGCCGGTCTTGCATA-1,2
ATGCGACAGTCCCATT-1,1
ATGCGAGTCCCACCAC-1,9
ATGCTCTGGCGCGGTA-1,7
ATGGAGCAGGCCGTGA-1,4
ATGGGCCTCGGCCTCT-1,2
ATGGTCGCGTGGTTTC-1,4
ATGTGAAAGCCTAATG-1,2
ATGTGGACATCTTGAT-1,2
ATTAAACATGCGGACC-1,3
ATTACGCGCTGGCAGG-1,1
ATTAGGCGATGCTTTC-1,1
ATTATTATGTCCGTCA-1,5
ATTCACTGATGTTGGA-1,7
ATTCATATACTGTCCA-1,2
ATTCGACGCCGGGCCT-1,3
ATTGAAGATCTTAGTG-1,3
ATTGCGATCAGTAACT-1,6
ATTGCTGCTCCTCCAT-1,1
ATTTACAGTTTACTGG-1,2
ATTTCCGGGTTCTGCG-1,3
ATTTGCGCGAGTAGCT-1,2
ATTTGTCTTGGGAGCT-1,1
CAAACGAGTATCGCAG-1,1
CAAACGGTCGCACTTT-1,2
CAAAGATTATTGGGCC-1,5
CAAATCTCTCACAAGG-1,3
CAAATGTCCTTCCGTG-1,2
CAACTGCTCATCCGAT-1,5
CAAGAGGGCGGAGTAC-1,1
CAAGATATTATAACGT-1,2
CAAGCAACGTCGGAGT-1,4
CAAGCGGCACATAATT-1,3
CAAGGATCGCATGTTC-1,2
CAAGTGTGGTTGCAAA-1,3
CAATATTCTTGACCTA-1,4
CAATGCGAGAAGTATC-1,1
CAATTTCGTATAAGGG-1,3
CACAATGAGCTGCTAT-1,2
CACACGCGCTGTCTTA-1,2
CACATATTAGCAGGAT-1,4
CACATCGTGCACGCGC-1,6
CACATCTCACCGACGA-1,3
CACATGATTCAGCAAC-1,3
CACCCGGTTTGTGACT-1,2
CACCCTAACAAGATCT-1,2
CACCGTTAGGGATCAC-1,2
CACCGTTGCGCGATAT-1,3
CACCTTGGCGCCTTTG-1,9
CACGAAAGTTAGTCCC-1,2
CACGCAGCGAGGCTTT-1,4
CACGCGGAACTGTTGC-1,5
CACGTCGGCAACCTCT-1,2
CACGTTCGTGCTCTAG-1,1
CACGTTTCGTACACAC-1,3
CACTAAAGTTGCCTAT-1,2
CACTCAAGAGCTATGG-1,5
CACTCCTATGTAAGAT-1,3
CACTCGAGCTGAACAA-1,1
CACTTAATCAGACGGA-1,4
CAGAACTTAGCCCTCT-1,1
CAGACACCGATCGCTG-1,1
CAGACGAACCTGATAC-1,1
CAGAGACGGTCACCCA-1,3
CAGAGGCGATGCATGA-1,1
CAGCAGTCCAGACTAT-1,6
CAGCGATTCCCTTCAA-1,1
CAGCTCACTGAGACAT-1,8
CAGCTGGCGTAACCGT-1,5
CAGGATATATCGTTGT-1,5
CAGGCCGTTTGGGTGT-1,1
CAGGCGCACGGTGGTC-1,8
CAGGCGCCATGCTAGG-1,4
CAGTCTGTATACTGGG-1,3
CAGTGTCGGCTGGCCC-1,3
CATAACGGACAGTCGT-1,3
CATAAGAAGCTTGGCT-1,7
CATACACGGTTCCCAC-1,7
CATACCCGTACCCAGT-1,4
CATACGGCGTCTGGGC-1,3
CATACTATGTAATTGT-1,1
CATAGCGTTGCCCACC-1,1
CATAGTCCACAAGAAC-1,2
CATATAGGTACAGTCA-1,3
CATATGTCAGGCTACG-1,2
CATCATTACCCTGAGG-1,3
CATCCTCTCAAAGATC-1,3
CATCGGACGGGTTAAT-1,3
CATCTTACACCACCTC-1,6
CATGAGATGCACTCTC-1,5
CATGATGGAAGTTAGC-1,9
CATGCCAACTCGCAAA-1,2
CATGGGTATGCCTTAT-1,2
CATGGTAAGTAGCGTT-1,1
CATGTAAGAGACATTT-1,2
CATGTCTCATTTATGG-1,1
CATTTGAGTGGTACGT-1,1
CCAACGATGCACTGAT-1,2
CCAAGAAAGTGGGCGA-1,4
CCAAGCGTAACTCGTA-1,1
CCAATAGTGCCGTCGA-1,1
CCAATGTCACAGCAAG-1,4
CCACAATGTACGTCTT-1,9
CCACACTGAGATATTA-1,4
CCACAGTACCCATCCT-1,2
CCACCAACTTTACTGT-1,4
CCACCCAAGGAAAGTG-1,1
CCACGGAGCCATAAGA-1,2
CCACTGGTGGCTGGTT-1,6
CCAGAAAGCAACTCAT-1,2
CCAGCCTGGACCAATA-1,2
CCAGCTGATGGTACTT-1,6
CCAGTCTTGTCATAGA-1,7
CCATCGCAGTTAAACT-1,8
CCATCTCACCAGTGAA-1,3
CCATGCCTGTTTAGTA-1,3
CCATTAGCGATAATCC-1,1
CCATTCCCTGCCCACA-1,1
CCATTTCTACCTATTA-1,3
CCCAAACATGCTGCTC-1,2
CCCAACATACGTCGCG-1,1
CCCAATGAGATTTGCA-1,8
CCCAATTTCACAACTT-1,1
CCCAGTTAAGGCGCCG-1,1
CCCGCAGCGCGAACTA-1,5
CCCGTAAGTCTAGGCC-1,4
CCCGTAGCTGGGAAGA-1,2
CCCTGAAATGAGTTGA-1,2
CCCTGCCCAATCCGCT-1,6
CCCTTTGACAGGTCTT-1,3
CCGAACCTTCCCGGCC-1,2
CCGACGGGCATGAGGT-1,6
CCGATCTCAACCTTAT-1,9
CCGATTCGAGGGACCC-1,6
CCGCACAAAGACCAAC-1,1
CCGCATGTGGTACGAT-1,7
CCGCGGAATGCGTCAC-1,1
CCGCTATCAGCACCAG-1,5
CCGCTTACCTCACTCT-1,2
CCGGAGCGTACTTTCT-1,5
CCGGGCGGTCTCGTCA-1,4
CCGGGCTGCTCCATAC-1,1
CCGGGTTCGAGGTTAC-1,1
CCGGTTTGTAATTGTG-1,1
CCGTAAGTTGGTCCCA-1,1
CCGTATCTCGTCGTAG-1,6
CCGTGTTAAATTCCAT-1,2
CCGTTCCGAATCTCGG-1,2
CCTAAATTAACGGTTC-1,2
CCTAACCCAAACAAGT-1,4
CCTACATTCACAGACG-1,3
CCTAGGCGTAGCGATC-1,4
CCTATAATGAGTGCCC-1,4
CCTATACCGTCCTGTC-1,1
CCTCCGACAATTCAAG-1,2
CCTCGCGCTGTGCGAT-1,6
CCTCGGACCGGGATAG-1,1
CCTCTATCGATTAGCA-1,6
CCTCTCTCCCATCTAG-1,1
CCTCTGTACTATTCTA-1,5
CCTGAACGATATATTC-1,1
CCTGACCACCGATGGT-1,5
CCTGGCTAGACCCGCC-1,6
CCTGGTCGAATGTGGG-1,7
CCTGTAAGACATGATA-1,1
CCTGTACTCACGCCCA-1,3
CCTGTCGCCCGTAAAT-1,3
CCTTCAGTTAAAGTGA-1,5
CCTTTAAGGGAGCACT-1,2
CGAAACGCAATTCATG-1,1
CGAACAGTATGGGCGT-1,5
CGAACCCGCATGCGTC-1,1
CGAAGTTGCTCTGTGT-1,2
CGACAATTTGATCTAA-1,3
CGACACGCTCCGACAG-1,2
CGACAGTTCGCGTTAT-1,1
CGAGACCCTAGAGTGT-1,2
CGAGAGATGTGAACCT-1,6
CGAGGCTAAATATGGC-1,9
CGAGGGACTGCGGTCG-1,1
CGAGTACTAAAGAGGA-1,4
CGAGTGAAGGTACCAG-1,5
CGAGTTTATCGGACTG-1,2
CGATACCTCGCGGACA-1,4
CGATCCGACCCAGTGC-1,4
CGATCTGTTGGAGGAC-1,2
CGATTAAATATCTCCT-1,7
CGATTCGCCTGGCTGC-1,5
CGCACATGTCCACTAC-1,1
CGCACGTGCGCTATCA-1,6
CGCATGGTGCGATGCT-1,3
CGCCCAGCACGCCTAG-1,3
CGCCGCCCATGCCTGT-1,1
CGCCTCCCTCCTCTAT-1,1
CGCCTGGCCTACGTAA-1,4
CGCGACCGCGACAGAT-1,5
CGCGCATGTTTGATTG-1,2
CGCGGCTCAACTTGAA-1,3
CGCTACGGGACATTTA-1,1
CGCTAGAGACCGCTGC-1,6
CGCTATTCTTAGGCTC-1,5
CGCTCTCCGTAGATTA-1,4
CGCTGGTGACTACCCT-1,6
CGCTGTGTGGATGTTG-1,2
CGCTTATTCCCGGTCG-1,4
CGCTTTCTTGCATTCG-1,2
CGGAAAGAATCAAACG-1,4
CGGAACGTAAACATAG-1,1
CGGAGCAATTTAATCG-1,5
CGGAGCATGGCGATCC-1,2
CGGAGTTTGAGAGACA-1,6
CGGCAAACATCGTGCG-1,7
CGGCAGGGTCGGGTTG-1,5
CGGCCACGCACAAAGT-1,8
CGGGAATTTATGTAAA-1,3
CGGGAGCTTCAGTGTA-1,3
CGGGCAGCTAAACCGC-1,6
CGGGCCTTCTTTGTAA-1,3
CGGGTGTACCCATTTA-1,2
CGGTACTAGAATCAAA-1,1
CGGTGCAGATAGAACG-1,1
CGGTGCGCGTTGGTCC-1,4
CGGTTGACCTGGCATA-1,2
CGTATTAAGAGATCTA-1,3
CGTCACGTCCATTGGT-1,1
CGTCGGATAGTGTTGA-1,5
CGTCGTCCTTCGCGAA-1,3
CGTGAAGTTAATTCAC-1,2
CGTGCAGACTGGGACA-1,1
CGTGCATTGTCGACGC-1,1
CGTGCCCTCCCGAAGA-1,1
CGTGGCCGAATATCTA-1,5
CGTTCATGGTGCGCGT-1,9
CGTTGAATACCGCGCT-1,3
CGTTGAGCGACCGTCG-1,1
CGTTGTTTCAATTCCC-1,1
CGTTTCGCTCATTACA-1,4
CGTTTGTGTAGAGGGT-1,4
CTAAAGAATGCCTACT-1,1
CTAAAGGGAAATAGGA-1,5
CTAACCGCGCGCCCGT-1,1
CTAACTGGTCCGGTTC-1,4
CTAAGGGAATGATTGG-1,4
CTACAAGAAATAACCC-1,2
CTACCCTAAGGTCATA-1,5
CTACGACTAGCTATAA-1,3
CTACGCACGGAGTACC-1,5
CTACTATCATAGGTTT-1,8
CTACTCAAGGTATAGT-1,6
CTAGATTTACGACGGC-1,1
CTAGCATAGTATAATG-1,4
CTAGGCGCCCTATCAG-1,3
CTAGGTTCGGACGTGA-1,7
CTAGTCACGTCTTAAG-1,1
CTAGTGAAGGACAGGA-1,1
CTAGTTACAACCCGGT-1,7
CTATCGACGAAATACA-1,3
CTATCGGGTCTCAACA-1,1
CTATGTCACTAGCCCA-1,8
CTATTCATGTGTCCCA-1,6
CTATTTGGTTACGGAT-1,1
CTCACTTGGCTGGTAA-1,2
CTCATGGTAATTTGCG-1,5
CTCATTGCTCTAACAA-1,7
CTCCCTCCTTTCGATC-1,6
CTCCGCCCACATGAGG-1,1
CTCGCCGAATGTAGGG-1,7
CTCGGTACCACTGCTC-1,1
CTCTATTTGGCTGCAG-1,2
CTCTCACAATCGATGA-1,1
CTCTGGACGCCTGGTG-1,2
CTCTTCTATTGACTGG-1,6
CTCTTGTCCCGCTTGG-1,2
CTGAATCCGAGACCTC-1,4
CTGCACAACTACATAT-1,1
CTGCACTCCAGTACAG-1,5
CTGCCATGCATCACAT-1,5
CTGCTGAGGCCACGAA-1,2
CTGCTTGGCGATAGCT-1,2
CTGGAAGACACGGTGG-1,2
CTGGATTTACACTTGA-1,2
CTGGCATCCGAATGAG-1,3
CTGGCGCACAGGTCTG-1,4
CTGGCTGATTCATCCT-1,2
CTGGCTGGTTGTCAGT-1,3
CTGGGATAAATAATGG-1,1
CTGGGCCTGCTATATC-1,2
CTGGGTAGGCAGTTAA-1,1
CTGGTAACACATAGAA-1,2
CTGGTTTCGAGCAAGA-1,2
CTGTACTTCTTAGCAT-1,2
CTGTAGCCATCTCACT-1,1
CTGTGCAGGGTAGGTC-1,4
CTGTGGTCGGGAGATA-1,2
CTGTTACCCAATCTAG-1,3
CTTACACGGTATTCCA-1,2
CTTCAACTCCACTTGG-1,7
CTTCATTGTCAGTGGA-1,3
CTTCCGCTCCGTGAAG-1,4
CTTCGTAGATAGGTGA-1,1
CTTCTATGTTGAAGTA-1,3
CTTCTATTAATGCTAG-1,1
CTTGAGTTAGGGTAAT-1,2
CTTGCAACCGCCTCCT-1,2
CTTGCCCAGGCTCTAC-1,3
CTTGGCCAAGCTGGGA-1,9
CTTGTCAACATTCGAG-1,5
CTTGTTGCTGAGTCAA-1,1
CTTTAATATTGGTCGA-1,2
CTTTACCGAATAGTAG-1,1
CTTTAGGAACACTGTT-1,4
CTTTAGTGCTATTATT-1,3
CTTTCTGTGCGGGCTT-1,7
CTTTGGCTTTAGTAAA-1,1
GAAACAGATGACCACC-1,3
GAAACCGAATTACCTT-1,4
GAAACCTATACAAATG-1,5
GAAAGCAGTGCACTTT-1,2
GAAATGGCGGTGTTAG-1,8
GAAATTGTCTCTATAA-1,3
GAACAGATTACTAAAT-1,7
GAACCCTCTGTGTTCT-1,7
GAACGTCTCATGGTCG-1,3
GAAGCCTGCACATTCC-1,7
GAAGCGTGAGGAATTT-1,5
GAAGTCAGTTGCACTA-1,2
GAAGTCTCCCTAGCGA-1,2
GAAGTGATTTATCGTG-1,1
GAAGTTTCCACTCAAT-1,1
GAATAGACGCGACCCA-1,3
GAATAGTGCTCGATTA-1,6
GAATCTGAACATTCTC-1,3
GAATGTGGTCCGGATT-1,1
GAATTATAGTGAAAGG-1,1
GAATTCACCCGGGTGT-1,2
GACAAACATATGCAGG-1,5
GACACAAGGGAAGAAA-1,3
GACACTGAGTTCAGTG-1,1
GACAGCCAGACCTGAC-1,4
GACAGGCACACACTAT-1,5
GACATCGATTTATAAC-1,1
GACCAGAGCCCTGTAG-1,2
GACCGTGCTGACGGTG-1,2
GACGACGATCCGCGTT-1,2
GACGCCGTAAAGGCTA-1,2
GACGCTTGCTTCTAAA-1,1
GACGGGTTGGCCCGTA-1,5
GACTACAAAGCGGTGG-1,6
GACTGCAAATCGAGCT-1,7
GACTGCACCAGCCCAG-1,1
GAGACTTCGCGACCGA-1,3
GAGAGGGCGCGAGGTT-1,1
GAGAGGTGCATTCTGG-1,2
GAGATCTGCTTGGCAT-1,1
GAGATCTGTCACTCCG-1,3
GAGATCTTCCATGACA-1,1
GAGATGGGAGTCGACA-1,3
GAGCACCTGTGTCCAG-1,3
GAGCCAGCTACCTGTG-1,2
GAGCGCGCACGAGTAG-1,2
GAGCTAAGGGCATATC-1,8
GAGGCTATCAAAGTCG-1,3
GAGTATGCCCGCCTTG-1,1
GAGTCAGACCAGAATC-1,1
GAGTCCGCTTACCGGA-1,3
GAGTGTGCGGTACCCA-1,2
GATAACTCGCACTGTG-1,4
GATACGATGGGAGTCA-1,1
GATAGGTAACGTTGAC-1,5
GATATGAGACACTAAC-1,1
GATCCGGGAATTAACA-1,1
GATCCTCGACACTGGC-1,3
GATCGCGGGCTCTCCA-1,4
GATCGCTACCCGATTT-1,5
GATCGTGACTGATATC-1,1
GATCTGCTATCTAAGG-1,9
GATCTTGGAGGGCATA-1,2
GATCTTTGCAGGGTAT-1,1
GATGACAAGTAGGGCA-1,5
GATGCGTCCTGCATTC-1,5
GATGCTGTATTTCATC-1,1
GATGTTCAATCCACGA-1,1
GATTAACCGAAAGCCC-1,5
GATTACTGAATTTGGG-1,1
GATTCGACGGTTCACG-1,4
GCAAACCCTACATTAT-1,1
GCAAACCTTGGCCATA-1,7
GCAAATATTACGCTTT-1,1
GCAACCACGGCCGCGT-1,4
GCAAGAATTCCTTGGC-1,1
GCACACACTGGTAGCC-1,6
GCACGCCTACTTAGAT-1,2
GCAGATCCATAAGACT-1,1
GCAGATTAGGGATATC-1,3
GCAGCACACAGCCCAG-1,1
GCAGGACTATAGAATA-1,1
GCAGTGTGGCTATAGG-1,6
GCATAGAGCACTCAGG-1,5
GCATCGGCCGTGTAGG-1,9
GCATGAGGGACGCGGC-1,9
GCATTGTAATTCATAT-1,2
GCCACAATTTAAGGAC-1,1
GCCATCGAGCTGCGTG-1,1
GCCCGACTTCTTCCCG-1,2
GCCCGATCTGTGGTCG-1,7
GCCCGCGCGTAAACGG-1,1
GCCGAAATTCCTACGT-1,1
GCCGATTGGCCAAGCT-1,5
GCCGCTTGTGAGAAAC-1,1
GCCGGGTTAGGGTCGC-1,2
GCCTCATCTGGAAATA-1,3
GCCTCTATACATAGCA-1,3
GCGAAACTTAACTGGA-1,1
GCGAAGCCATACCCGT-1,8
GCGACGATAGTTGTAC-1,2
GCGAGGCCCGAGCAGA-1,1
GCGAGTTCTGCAAAGA-1,3
GCGATTGTTAACGTTA-1,1
GCGCAAGAGCGCGCTG-1,6
GCGCCGTTCCACGATA-1,3
GCGCGTCATTGGTACA-1,2
GCGCTAATTGAATAGA-1,1
GCGCTATGCCGAGGCA-1,1
GCGCTTAAATAATTGG-1,3
GCGGACCGCGTTGTGG-1,1
GCGGAGAAACTTCGCA-1,2
GCGGAGAGGGAGAACG-1,1
GCGGCTCTGACGTACC-1,1
GCGGGCGAGCCTTACC-1,4
GCGGTTCCCTATCATG-1,1
GCGTCGCCAGGGTGAT-1,7
GCGTCTCTGCATTGGG-1,1
GCGTGGTACTGGGTTA-1,3
GCTAAGTAGTTTCTCT-1,1
GCTACGACTTATTGGG-1,2
GCTACTATAGTAGAGT-1,5
GCTAGCTTGAATAGCT-1,1
GCTAGGCACCACGGAG-1,1
GCTAGTAGAGCTTGTA-1,3
GCTATACGTCTCGGAC-1,2
GCTATCATACTCATGG-1,4
GCTCAATCCGTTTATT-1,2
GCTCAATGTAATACCG-1,9
GCTCCTGACATACTGG-1,5
GCTCGCTCATGTCCAA-1,5
GCTGAGGCGTGAGTAT-1,3
GCTGCACGGTTTCTTA-1,1
GCTGCTAAGTAGTCGA-1,3
GCTGCTACTGCGTAGC-1,4
GCTGCTCTCCGGACAC-1,3
GCTGGCATATTCACCT-1,9
GCTGGCGGCGCATGCT-1,7
GCTGTATTACTGGCCC-1,4
GCTGTTGCTACCGAAC-1,3
GCTTAATGTAACTAAC-1,1
GCTTATGAAGCAGGAA-1,2
GCTTCCGTCCCTAGAC-1,8
GCTTTCAGAGGAGGTG-1,6
GGAACCGTGTAAATTG-1,1
GGAATGCGCTAGCGTG-1,2
GGACCAACAGGATAAC-1,5
GGAGACGACACCTTTG-1,3
GGAGGGCTTGGTTGGC-1,4
GGATCCGGAATATACT-1,1
GGATGAAGATCGCTGA-1,3
GGATGACGCGAGTTTA-1,1
GGATGCTGGCGTTCCT-1,9
GGATGTCCTTACCGCA-1,2
GGATTTCACTTCTATA-1,2
GGCAAAGGCGCCAATA-1,2
GGCAAATTACTTTACT-1,3
GGCAAGGCGAAATAGC-1,2
GGCAATAGTCAATGAG-1,2
GGCACTCCACTGGGCA-1,1
GGCATACAGGTAGCGG-1,2
GGCCCTCACCCACTTA-1,2
GGCCGTTTGGGTTTCA-1,2
GGCGAAATCTAACTTG-1,2
GGCGCAGGACATCTTC-1,2
GGCGCATGAATTGATG-1,3
GGCGCGGAGATCTTTC-1,6
GGCGCGTTCGAGTTTA-1,3
GGCGGAGTAATATTAG-1,4
GGCGGTAGGATCATTG-1,2
GGCGTCCTATCCGCTG-1,5
GGCTATTAAGTTGTAT-1,1
GGCTCCTCCACCTGTT-1,8
GGCTCGCGTTGAGGTA-1,8
GGCTGAAATAGCAAAG-1,1
GGCTTTCAATAAGGGT-1,7
GGGAACGGGAGGTTAG-1,1
GGGACCCGTATATCTT-1,2
GGGACTGCATAGATAG-1,8
GGGAGAACTCACAGTA-1,2
GGGAGGATGCCCGAAA-1,4
GGGAGTTAATGAGGCG-1,1
GGGATGGTCGTAACCG-1,1
GGGATTTACCGCACCT-1,2
GGGCAGAGCAATCGTT-1,7
GGGCCCGTCTTAAACA-1,2
GGGCCGGCCGAAGTAC-1,1
GGGCGGCAAATGAATT-1,1
GGGCGGGTTCCCTACG-1,1
GGGCGTCACCACGTAA-1,1
GGGCTATGATCGATGG-1,2
GGGCTGCCTAGGGCGA-1,1
GGGCTGGTTAGTCGCG-1,3
GGGTACTTCATGAACT-1,1
GGGTCACCGTGACGGT-1,1
GGGTGACACCTTAACT-1,3
GGGTTAACATTTGAGT-1,1
GGTACAAACATGCTAT-1,3
GGTAGAAGACCGCCTG-1,3
GGTAGACCGTTGGGCG-1,4
GGTAGTGCTCGCACCA-1,1
GGTATTGCCGAGTTTA-1,3
GGTCAGTGGGTCCCAC-1,5
GGTCGGCCAGGAGCTT-1,2
GGTCGGTCGTCCACAG-1,2
GGTCTCTGAATGGACT-1,2
GGTCTGAGAATCTGGA-1,3
GGTGAAGTACAGGGAT-1,4
GGTGATAAGGAGCAGT-1,1
GGTGCTGGTACACATT-1,1
GGTGGACTGCTCTGGC-1,4
GGTTACCACCCTCGGG-1,4
GGTTAGCTATATGTCT-1,2
GGTTTAGCCTTTCTTG-1,6
GGTTTCAATCGGTCAG-1,3
GTAAGTAACAGTCTGG-1,1
GTAATCTGATTCTTCG-1,1
GTACACTTACCTGAAG-1,2
GTACAGAGGCAAGGGT-1,1
GTACGCTTCATTGCAC-1,4
GTACGTTTGCCCGTCA-1,2
GTACTCCCTTATCGCT-1,2
GTACTGGAGTTAGACC-1,1
GTAGAGGGAGACAAGT-1,2
GTAGCCAAACATGGGA-1,3
GTAGCGGCTATACACT-1,4
GTAGCTTCCTCTTGTT-1,3
GTAGTCGCGGGAATCA-1,1
GTATCTTTCATAACCA-1,3
GTATGTGGGTCTAGTT-1,2
GTATTCTGAGAAACGA-1,4
GTCAAGCGGACTCGGG-1,1
GTCATTAGAGCGAACG-1,4
GTCCCAACGTAAAGTA-1,1
GTCCCGCGACGTTATG-1,2
GTCCGGACCTGAAATT-1,4
GTCCTACGAATAGTCT-1,3
GTCGCCGTTGTGTGTT-1,2
GTCGCGTAACCCGTTG-1,1
GTCGGATATCTCAGAC-1,2
GTCGGGAAGCAGAAAC-1,7
GTCGTACCATCTCGGG-1,6
GTCGTTATTCGCTTAT-1,1
GTCTATCTGAGTTTCT-1,1
GTCTATTGGTTCCGGT-1,3
GTCTCAAGGCCCGGCT-1,7
GTCTGGGCGGTCGAGA-1,1
GTGACCGCACACTACG-1,2
GTGACTTCAGTAGTGC-1,1
GTGAGGACACTTAAGG-1,1
GTGAGTGGTACAACGC-1,4
GTGATCACTAACGCCT-1,5
GTGATCATAGATCTGC-1,3
GTGATTCGCCGCTCAA-1,1
GTGCCATCACACGGTG-1,1
GTGCCCGTTCGGATTC-1,1
GTGCCGCTTCAAAGGT-1,1
GTGCGAAATCGAACAC-1,1
GTGCGACAGGGAGTGT-1,6
GTGCGTGTATATGAGC-1,1
GTGCTCAAGTACTGTC-1,2
GTGGACCAACCCGATT-1,2
GTGGACGCATTTGTCC-1,7
GTGGAGTCGGCGGTTG-1,2
GTGGCGGTCCCAGCGT-1,6
GTGGGCTTAGACACAC-1,9
GTGGTATAGTCTGCCG-1,2
GTGGTGGCCAAGTGAA-1,1
GTGGTTTCCGCCTTTC-1,1
GTGTATATCAGCGGGC-1,5
GTGTCGTATAGCGTTC-1,2
GTGTGAATAACTTAGG-1,4
GTGTTACTATGCGTCC-1,1
GTTAAAGTAGGACTGG-1,1
GTTAACATCACTTAAA-1,3
GTTACAATTGGTGACG-1,1
GTTACCTACAACTTGC-1,3
GTTACTTTGGGCCTAG-1,2
GTTATATTATCTCCCT-1,3
GTTCACAGGAGTCTAG-1,3
GTTCGCCATAAGTGCC-1,3
GTTCGTCTAAAGAACT-1,2
GTTGAACCGGTTCCAT-1,1
GTTGAGTCCCGCCGGT-1,1
GTTGGATTGAGAACAC-1,3
GTTGGATTTGCGTTGG-1,4
GTTGGTCATGCTATCC-1,7
GTTTACGTTCCATCTG-1,7
GTTTCATATCGTCGCT-1,2
GTTTCTGCAGTCTCCC-1,1
GTTTGGCCCAAGTTAT-1,1
GTTTGGGCTTGTGAGC-1,6
GTTTGGTAGGGTCAAC-1,5
TAAACCCAGGAGGGCA-1,3
TAACATACAATGTGGG-1,1
TAACTCATCCGCGCGG-1,4
TAAGGCATAACATCAA-1,4
TAAGGCTGAATCCCTC-1,6
TAAGTAACATCTTGAC-1,1
TAAGTCGCCGAGTATC-1,5
TAAGTTGCGACGTAGG-1,5
TAATAGAACAGAGTTA-1,2
TACAACGCACAACTCA-1,4
TACATAGGCATACACC-1,5
TACATTTCTAACGTGC-1,3
TACCAAATAGCCCAGA-1,7
TACCAATAAAGTACCA-1,4
TACCAGAAGTAGGTTC-1,1
TACCGCGGACTTGCAG-1,8
TACCGGCTCACTGCCC-1,5
TACCGGTCGTTTCCAT-1,4
TACCGTAGGTTAACTA-1,5
TACCGTGCCTCGGACC-1,2
TACCTACTCCCAGTAT-1,7
TACCTCAGTTGTCTGT-1,3
TACCTTAAGATTTCCC-1,2
TACGAACACGACTTCA-1,6
TACGACGCTTGCTGCG-1,2
TACGACTGCCTCTTAG-1,3
TACGAGAACTTCACGT-1,1
TACGATGTTGATCATC-1,1
TACGCAGTTCTTTCCT-1,2
TACGCCATATTCTAAT-1,5
TACGCCGAGGGTACCC-1,3
TACGCCTCCATTCCGA-1,5
TACGTTTACCGGCAAT-1,1
TACTATGGTTCCTCAG-1,1
TACTCTTTCGTCTTCA-1,4
TACTGAACAGATTTAG-1,1
TACTGGACAGCTCGGC-1,2
TACTTGTTAGTAGTCC-1,1
TACTTTCCGCACGCCA-1,9
TAGAAAGGTGGCGCTA-1,2
TAGACGCCCGTACCGG-1,2
TAGAGATCATGCAACT-1,2
TAGAGGTTCTACTTGT-1,6
TAGATATGGACTGGAA-1,4
TAGCCATTTCAAAGTC-1,2
TAGCCGGCGGTCAGCG-1,4
TAGCGTCCGGTGTGGT-1,4
TAGCGTTGGGTCTTAC-1,4
TAGCTAGAAGGCATGA-1,1
TAGCTAGTGATGATGG-1,3
TAGCTCGCCTGATAAC-1,3
TAGGGAGCTTGGGATG-1,2
TAGGTGCTCGCCTAGC-1,1
TAGGTGTTCCACAGAT-1,7
TAGGTTCGAGTTCGTC-1,4
TAGTCCGCAGAGAATG-1,3
TAGTCGATCACGGGTT-1,5
TAGTCTAACAACGAGA-1,1
TAGTGCCCTCCAGAGT-1,3
TATACACAGACGCCTT-1,5
TATACGCGTCATCACT-1,7
TATAGATGGTCGCAGT-1,9
TATATCCCTGGGAGGA-1,5
TATCCAATTGGTTATC-1,2
TATCCGCACCGTCGGG-1,3
TATCTACCACAGCGGG-1,6
TATGGGACCGAGCAGG-1,8
TATGGGTACGTATCGT-1,8
TATGGTCTGAGTAACA-1,5
TATGTCTCATTGTGCC-1,3
TATTAACCTGACCGCG-1,1
TATTACCATCCTGCTT-1,3
TATTCAATTCTAATCC-1,1
TATTCCACTCAGCTCG-1,3
TATTCCGAGCTGTTAT-1,4
TATTCCTCCGCCCACT-1,2
TATTCGTGCCAGAATA-1,2
TCAAACTTAGATTGTT-1,3
TCAAATTTGAGACTCA-1,7
TCAACAAAGATAATTC-1,5
TCAACATAGCGCCCTA-1,4
TCAACGAGGAGACAAA-1,3
TCAACGCAGGAAATAA-1,3
TCAACGCGACCGGCAG-1,3
TCAAGGTTACTACACC-1,8
TCACAGCAAACTCGAA-1,1
TCACAGGAGAATAAGA-1,1
TCACAGGGAATCGCAA-1,1
TCACAGGTTATTGGGC-1,2
TCACCCTCTTAAGATT-1,2
TCACGATGTCCGTGGA-1,5
TCACGCATTGTAGATC-1,2
TCACGTGCCCGATTCA-1,3
TCAGACGCTATAGAAG-1,2
TCAGCAAATGCATCTC-1,4
TCAGGTTCTTTGAGAA-1,2
TCAGTAGGGACTATAA-1,1
TCAGTGTATACGTCAT-1,2
TCATTTAAGTCTCCGA-1,6
TCCAACTTTAAATTCT-1,1
TCCACAATGGTTTACG-1,3
TCCACCTCTAGCCTTT-1,7
TCCACTTTATCTAGGT-1,2
TCCAGAGCACCGGTTC-1,4
TCCAGGCGAGTACGGT-1,9
TCCCAGCTTTAGTCTG-1,2
TCCCAGGCTTAGCTAA-1,2
TCCCGGGTGTGCTGCT-1,4
TCCCGTGTGCAATTTG-1,1
TCCCTGGCTCGCTGGA-1,6
TCCGATTACATTGCCG-1,3
TCCGCCTGTCTACAAG-1,3
TCCGCGGCAGCATCTG-1,4
TCCGCGGCCCAATGAA-1,6
TCCGCTGTCATCCCGG-1,1
TCCGCTTATCCCATTA-1,6
TCCGGTTCGTCCGGTC-1,4
TCCGTTAAGCTAATAT-1,6
TCCTAAATTGGGAAGC-1,5
TCCTACATCCACGGCC-1,1
TCCTAGCAAAGAAGCT-1,1
TCCTCCTAAGACATTC-1,5
TCCTCGGGCTGGGCTT-1,1
TCCTGCGTTGATACTC-1,4
TCCTTACGACGGTCCG-1,5
TCCTTTAAATCCGCTT-1,3
TCGAAATTTAGGACCA-1,6
TCGAAGAACCGAGCAC-1,5
TCGAATATCCCGCAGG-1,6
TCGAGACCAACACCGT-1,3
TCGAGCCAGGCAGGCC-1,3
TCGCAAAGATGCATTT-1,1
TCGCACCAGGAGGCAG-1,1
TCGCCGAAGTTGCGTC-1,1
TCGGACGCCCAGCCCA-1,1
TCGGAGAGTATCGGGA-1,2
TCGGAGTACATGAGTA-1,1
TCGGGAGACAGCGTAC-1,7
TCGGGCCGTCGTGGTA-1,4
TCGTATTACCCATTGC-1,3
TCGTCAAGTACGCGCA-1,2
TCGTCTTAGGCGTTAA-1,1
TCGTGTACTATGGATG-1,6
TCGTGTCACGCTGACA-1,6
TCGTTAGGAGTCCCTA-1,2
TCGTTGCTATCCGGTC-1,1
TCTAGCAATCTCCGCC-1,2
TCTAGCATGCCCAGAA-1,5
TCTAGTGATATCGTGG-1,5
TCTAGTTATCAGAAGA-1,4
TCTCATGAGATAGGGT-1,2
TCTCCCTGGGCAGCGT-1,1
TCTGAACTCGTACCCG-1,5
TCTGAAGCACGTGGTC-1,2
TCTGAATTCCGTACAA-1,2
TCTGATGTATTCTGTC-1,1
TCTGCCAGAAACTGCA-1,1
TCTGGGAACCTTTGAA-1,3
TCTGGGTAGCGCTCAT-1,1
TCTGTGCCATCATAGT-1,4
TCTGTTACCCAGCATA-1,3
TCTTACTTATGCCTCT-1,2
TCTTAGAGTGAACTCT-1,5
TCTTCCCATGGGCACA-1,6
TCTTCGAATAGACGTT-1,1
TCTTCGATACCAATAA-1,2
TCTTGATGCGTAGCGA-1,4
TCTTTAAGACTATGAA-1,6
TGAAAGGACCTGACTC-1,1
TGACCCACGTTAGACA-1,4
TGACGAATATTTCCCT-1,3
TGACGATGCACTAGAA-1,2
TGACTATAATCCTTTC-1,3
TGAGAGATTTACCACG-1,2
TGAGCCATACAGTCTC-1,1
TGAGCGGAAAGTGTTC-1,7
TGAGGAGTGCCAGCTT-1,6
TGAGTAAATTAGCGTA-1,3
TGAGTGCCTCTTAAAT-1,1
TGAGTGGTCCGTGACG-1,5
TGATACATTTAGCCGT-1,1
TGATCAGGGAACTGCT-1,2
TGATTCGTCTATCACT-1,2
TGATTCTGTCGCCGGT-1,1
TGATTTATTAGCTGTG-1,1
TGCAGAACTATATCGT-1,3
TGCAGAGTACCGAGCA-1,1
TGCAGTTTCCTCCCAT-1,2
TGCATATGTCTGTCAC-1,1
TGCATGTGGTAATCTA-1,6
TGCCAAAGTCAGACTT-1,6
TGCCAATGGGTACTCT-1,4
TGCCAGTACGTGGAGA-1,3
TGCCCGTACCGTTAAA-1,1
TGCCGTGGATCGTCCT-1,7
TGCCTTGGCCAGGCAA-1,1
TGCGACACCCTAGTGC-1,1
TGCGAGAATATTACCC-1,4
TGCGCAAAGCATTTGG-1,2
TGCGTAAGAACCTGAT-1,1
TGCGTTTGTTGACACT-1,1
TGCTAAGTGTCTATTT-1,2
TGCTCCACAGTTCTTA-1,2
TGCTCGGCGAAACCCA-1,7
TGCTGTTGAAGAACTC-1,2
TGGAAGAAGGGAACGT-1,1
TGGACTGTTCGCTCAA-1,1
TGGAGTGATGCGATGA-1,9
TGGCAAACTAAATTAC-1,1
TGGCAGATTACGATCA-1,3
TGGCAGCAGTAATAGT-1,5
TGGCGACTGCTCCAAA-1,1
TGGCGATCAAGTTATG-1,2
TGGGCCCATACTAATT-1,3
TGGTAGAATATATGGG-1,6
TGGTCCCACGCTACGG-1,2
TGGTCTGTTGGGCGTA-1,2
TGGTTCAACGGGTAAT-1,4
TGTACGAACAAATCCG-1,2
TGTAGGAGAAATTTCC-1,4
TGTAGTGATCTATAAT-1,4
TGTATAACAGATCCTG-1,6
TGTATGGCGCAGACAG-1,3
TGTCCTAAGTCACCGC-1,2
TGTGAGACTAGCCCAA-1,7
TGTGCCGGTGCCGGAA-1,5
TGTTATTGTATGTGGC-1,4
TGTTCCGCTTCCATGA-1,1
TGTTCGTATTGCGGTG-1,6
TGTTCTTCCATTGACT-1,1
TTAAACTCGAATTCAT-1,9
TTAACTTCAGGTAGGA-1,3
TTAAGATAGGATTGAC-1,9
TTAAGCGCCTGACCCA-1,3
TTAATGTAGACCAGGT-1,2
TTACCATTGATTACCC-1,3
TTACCCTAGGGATTGG-1,7
TTACGGATGGTTCGAG-1,3
TTACTAAAGGACTTTA-1,1
TTACTCCGGCCGGGAA-1,1
TTACTCTGGTACGTAC-1,4
TTACTGGGATATTTCA-1,3
TTAGAAGAACATGACT-1,7
TTAGAATAAGGGTCGG-1,5
TTAGACGAGTCACCTC-1,1
TTAGAGTTTAGAAGGA-1,2
TTAGCTGATTTGCCGT-1,3
TTAGGTCATAACCGAC-1,3
TTAGTAGGGCGGCGGG-1,6
TTAGTTATTCGTGGCA-1,2
TTATATACGCTGTCAC-1,1
TTATCCGGGATCTATA-1,4
TTATGAATGAAAGGGA-1,3
TTATGATCTTAACGAA-1,1
TTATTAGAGCGTGTTC-1,2
TTCAAAGTCTCTAGCC-1,1
TTCAATACTCTGAATC-1,1
TTCACGAAAGGATCAC-1,3
TTCACTCGAGCACCTA-1,7
TTCAGCCCTGGTCCAC-1,4
TTCAGCTGGCGTGCCC-1,6
TTCCAATCTGGCTATC-1,1
TTCCACACAGATTTGA-1,1
TTCCGCGTGAGGCGAT-1,5
TTCCGGCCTTGAGGCT-1,1
TTCCGGTTACCCACTT-1,2
TTCCTCGGACTAACCA-1,1
TTCGACAGAGCCCGTG-1,5
TTCGCACTGTACGACA-1,7
TTCGCGCGCCATACGA-1,2
TTCGGGACTAATCGCG-1,1
TTCGGGCGCTAGTCTT-1,2
TTCTAACCGAAGCTTA-1,2
TTCTAGAAAGTCTTAT-1,3
TTCTGACCGGGCTCAA-1,1
TTCTGCCGCGCCTAGA-1,3
TTCTGCGGGTTAGCGG-1,1
TTCTTATCCGCTGGGT-1,8
TTCTTGAGCCGCGCTA-1,1
TTCTTGGACGATCTGC-1,2
TTGAAGAATTCCCAGG-1,2
TTGAATATGGACTTTC-1,1
TTGAATTCACGTGAGG-1,2
TTGACAGGAGCTCCCG-1,5
TTGACATGAACGTGGA-1,4
TTGACCGTGTTAATGA-1,3
TTGACGCTCCATGAGC-1,5
TTGACTACCATATGGT-1,1
TTGAGAAGTTTAGCAT-1,2
TTGAGAGTACTGCTAA-1,1
TTGATCTAACTTTGTC-1,9
TTGATTAGCTGTTTCT-1,2
TTGCACAATTCAGAAA-1,3
TTGCATGCTGATCACG-1,1
TTGCCCTGATCACGGG-1,1
TTGCGGCATCAGAAAG-1,1
TTGCGTCGGCCAACCG-1,1
TTGCTGATCATGTTCG-1,6
TTGGAAGAATACAGTC-1,5
TTGGACATGTGGCTTA-1,4
TTGGACCTATAACAGT-1,2
TTGGATATCGTCTACG-1,4
TTGGGCGGCGGTTGCC-1,3
TTGGTCACACTCGTAA-1,1
TTGTAAGGACCTAAGT-1,2
TTGTAATCCGTACTCG-1,3
TTGTGAACCTAATCCG-1,3
TTGTGCAGCCACGTCA-1,7
TTGTGGTAGGAGGGAT-1,2
TTGTGTATGCCACCAA-1,6
TTGTGTTTCCCGAAAG-1,2
TTGTTGTGTGTCAAGA-1,2
TTGTTTCACATCCAGG-1,2
TTGTTTCCATACAACT-1,2
